{
  "Component_": {
    "UploadFile_": {
      "index_1_": "Нажмите или перетащите файл в область",
      "index_2_": "Поддерживается только импорт файлов формата {0}",
      "index_3_": "Имя файла",
      "index_4_": "Размер",
      "index_5_": "Статус",
      "index_6_": "Выбрать файл",
      "index_7_": "Размер файла [{0}] не может превышать {1}М",
      "index_8_": "Ожидание загрузки",
      "index_9_": "Загрузка успешна",
      "index_10_": "Пожалуйста, выберите файл для загрузки"
    },
    "TablePageText_": {
      "index_1_": "Главная",
      "index_2_": "Предыдущая",
      "index_3_": "Следующая",
      "index_4_": "Страница {0}"
    }
  }
}
