{
  "Crontab_": {
    "Planned_": {
      "index_1_": "Запланированная задача",
      "index_2_": "Организация задач",
      "index_3_": "Библиотека скриптов",
      "index_4_": "Добавить задачу",
      "index_5_": "Название задачи или нечеткий поиск",
      "index_6_": "Просмотр журнала [{0}]",
      "index_7_": "Настройка статуса запланированной задачи",
      "index_8_": "Вы уверены, что хотите продолжить?",
      "index_9_": "Цикл выполнения",
      "index_10_": "Количество сохранений",
      "index_11_": "Резервное копирование в",
      "index_12_": "Время последнего выполнения",
      "index_13_": "Выполнить скрипт",
      "index_14_": "Немедленно выполнить задачу скрипта в [{0}], процесс выполнения может занять много времени, пожалуйста, будьте терпеливы. Хотите продолжить?",
      "index_15_": "Начать задачу",
      "index_16_": "Пакетно {0}",
      "index_17_": "Будьте осторожны, выбранный элемент будет [{0}] после подтверждения",
      "index_18_": "Остановить задачу",
      "index_19_": "Установить категорию",
      "index_20_": "Выполнить задачу",
      "index_21_": "Экспортировать задачу",
      "index_22_": "Удалить задачу",
      "index_23_": "Результаты выполнения",
      "index_24_": "ПРОСМОТР",
      "index_25_": "Очистить журнал",
      "index_26_": "Вы уверены, что хотите очистить журнал?",
      "index_27_": "Категория задачи",
      "index_28_": "Пожалуйста, выберите категорию задачи",
      "index_29_": "Управление категориями задач",
      "index_30_": "выполнить один раз",
      "index_31_": "Каждый",
      "index_32_": "Выполняется раз в час на",
      "index_33_": "минута",
      "index_34_": "Этот",
      "index_35_": "из",
      "index_36_": "каждую неделю",
      "index_37_": "Ежемесячно",
      "index_38_": "число",
      "index_39_": "Выполняется каждые",
      "index_40_": "минут, начиная с 0 минуты каждого часа",
      "index_41_": "Начиная с 00:00 каждый день, каждые",
      "index_42_": "час, каждые",
      "index_43_": "Начиная с 00:00 каждый день, каждые",
      "index_44_": "Выполнять каждые",
      "index_45_": "секунд",
      "index_46_": "Одно правило на строку, директории не могут заканчиваться на /, например",
      "index_47_": "Не настроено",
      "index_48_": "Настройка отправителя",
      "index_49_": "Пожалуйста, введите название задачи",
      "index_50_": "Пожалуйста, введите содержание скрипта",
      "index_51_": "Пожалуйста, введите число больше 0",
      "index_52_": "Пожалуйста, введите путь для резервного копирования",
      "index_53_": "Пожалуйста, введите URL-адрес",
      "index_54_": "Пожалуйста, введите правильный адрес электронной почты",
      "index_55_": "Электронная почта отправителя",
      "index_56_": "Пароль SMTP",
      "index_57_": "SMTP сервер",
      "index_58_": "Рекомендуемый порт 465, протокол SSL/TLS",
      "index_59_": "Протокол SMTP на порту 25, протокол STARTTLS на порту 587",
      "index_60_": "Тип задачи",
      "index_61_": "Название задачи",
      "index_62_": "Пользователь-исполнитель",
      "index_63_": "Содержание скрипта",
      "index_64_": "Напоминание о резервном копировании",
      "index_65_": "Канал сообщений",
      "index_66_": "Отправляет сообщение о недостаточном месте на диске, если оставшееся пространство на диске меньше, чем 5-кратный размер файла резервной копии или меньше 1 ГБ",
      "index_67_": "Путь резервного копирования",
      "index_68_": "Резервное копирование сайта",
      "index_69_": "Резервное копирование базы данных",
      "index_70_": "Правила исключения",
      "index_71_": "Пароль ZIP",
      "index_72_": "Пожалуйста, введите пароль ZIP",
      "index_73_": "Запомните пароль сжатия, чтобы избежать невозможности восстановления и загрузки данных",
      "index_74_": "Обрезка журнала",
      "index_75_": "Выбор региона",
      "index_76_": "User-Agent",
      "index_77_": "Пожалуйста, введите конфигурацию User-Agent",
      "index_78_": "Вы уверены, что хотите удалить запланированную задачу [{0}], хотите продолжить?",
      "index_79_": "Вы уверены, что хотите деактивировать эту запланированную задачу?",
      "index_80_": "Остановить выполняющуюся задачу?",
      "index_81_": "Эта запланированная задача деактивирована, включить эту запланированную задачу?",
      "index_82_": "Системные категории",
      "index_83_": "Категории по умолчанию",
      "index_84_": "Тестовый URL",
      "index_85_": "Пожалуйста, введите правильный URL",
      "index_86_": "Время отклика",
      "index_87_": "Статус ответа",
      "index_88_": "Содержание ответа"
    },
    "arrange_": {
      "index_1_": "Немедленно выполнить задачу скрипта в [{0}], процесс выполнения может занять много времени, пожалуйста, будьте терпеливы. Хотите продолжить?",
      "index_2_": "Событие",
      "index_3_": "Удалить задачу {0}",
      "index_4_": "Если правило задачи больше не выполняется после удаления, продолжить работу?",
      "index_5_": "Время выполнения",
      "index_6_": "Длительность",
      "index_7_": "Возвращаемое содержание",
      "index_8_": "Пожалуйста, введите значение для сравнения",
      "index_9_": "Включить",
      "index_10_": "Исключить",
      "index_11_": "Равно",
      "index_12_": "Не равно",
      "index_13_": "Пожалуйста, выберите скрипт",
      "index_14_": "Создать событие-триггер",
      "index_15_": "Содержание триггера",
      "index_16_": "Удалить событие-триггер",
      "index_17_": "Журнал выполнения",
      "index_18_": "Если правило события больше не срабатывает после удаления, следует ли продолжить операцию?",
      "index_19_": "Редактировать событие-триггер",
      "index_20_": "Вернуться к содержанию",
      "index_21_": "Пользовательский скрипт",
      "index_22_": "час",
      "index_23_": "Содержание триггера",
      "index_24_": "Содержание триггера",
      "index_25_": "Еженедельно",
      "index_26_": "Ежемесячно",
      "index_27_": "Пожалуйста, введите примечание",
      "index_28_": "Пожалуйста, введите скрипт",
      "index_29_": "Поддержка поиска",
      "index_30_": "на минуте",
      "index_31_": "каждые",
      "index_32_": "минут",
      "index_33_": "дней",
      "index_34_": "Выполнено",
      "index_35_": "успешно",
      "index_36_": "неудачно",
      "index_37_": "Редактировать задачу",
      "index_38_": "Редактировать скрипт",
      "index_39_": "Выполнить [{0}], когда результат [{1}] [{2}] выполнен",
      "index_40_": "Ежедневно",
      "index_41_": "Дни",
      "index_42_": "Ежечасно",
      "index_43_": "Часы",
      "index_44_": "Минуты"
    },
    "Script_": {
      "index_1_": "Создать скрипт",
      "index_2_": "Тип возврата",
      "index_3_": "скрипт",
      "index_4_": "Информация о скрипте не подлежит восстановлению после удаления, продолжить операцию?",
      "index_5_": "Аргументы скрипта",
      "index_6_": "В настоящее время поддерживаются только скрипты Python и Shell",
      "index_7_": "Пожалуйста, выведите ожидаемое значение в конце выполнения скрипта в соответствии с типом возврата",
      "index_8_": "Если вы выбираете необходимость параметра скрипта, вам нужно передать параметр при использовании текущего скрипта, который принимается в первом параметре в скрипте",
      "index_9_": "Строка",
      "index_10_": "Целое число",
      "index_11_": "Число с плавающей точкой",
      "index_12_": "Необходимо",
      "index_13_": "Нет",
      "index_14_": "Секунда",
      "index_15_": "Понедельник",
      "index_16_": "Вторник",
      "index_17_": "Среда",
      "index_18_": "Четверг",
      "index_19_": "Пятница",
      "index_20_": "Суббота",
      "index_21_": "Воскресенье",
      "index_22_": "не получать",
      "index_23_": "Получение при неудаче",
      "index_24_": "Локальный диск",
      "index_25_": "ВСЕ",
      "index_26_": "Shell-скрипт",
      "index_27_": "Для обеспечения безопасности и стабильности сервера следующие команды не должны использоваться в shell-скриптах: shutdown, init 0, mkfs, passwd, chpasswd, --stdin, mkfs.ext, mke2fs",
      "index_28_": "Резервное копирование сайта",
      "index_29_": "Резервное копирование базы данных",
      "index_30_": "Удаленные базы данных не поддерживают резервное копирование таблиц",
      "index_31_": "Инкрементное резервное копирование базы данных",
      "index_32_": "Напоминание: Текущая база данных не поддерживает резервное копирование SQLServer, MongoDB, Redis, PgSQL",
      "index_33_": "Обрезка журнала",
      "index_34_": "Обрезается только журнал доступа проекта, если вам нужно обрезать журнал проекта, пожалуйста, перейдите в [Веб-сайт-**Проект-Журнал проекта] для настройки.",
      "index_35_": "Резервная директория",
      "index_36_": "Веб-шелл",
      "index_37_": "Синхронизация времени",
      "index_38_": "По умолчанию синхронизирует время с NTP-сервера, и будет синхронизировать серверное время bt.cn при неудаче.",
      "index_39_": "Освободить ОЗУ",
      "index_40_": "Освобождает память, занятую PHP, MYSQL, PURE-FTPD, APACHE, NGINX, рекомендуется выполнять каждый день в полночь!",
      "index_41_": "URL доступа",
      "index_42_": "Удалить скрипт",
      "index_43_": "Пожалуйста, введите параметры скрипта",
      "index_44_": "Выполнить параметры скрипта",
      "index_45_": "ID",
      "index_46_": "ТОКЕН",
      "index_47_": "ID: Ваш ID пользователя Telegram",
      "index_48_": "Токен: Токен вашего бота Telegram",
      "index_49_": "например: [ 12345677:AAAAAAAAA_a0VUo2jjr__CCCCDDD ]",
      "index_50_": "FTP-хранилище",
      "index_51_": "Заголовок параметра",
      "index_52_": "Описание параметра",
      "index_53_": "Разделение файла",
      "index_54_": "После включения разделения, файл резервной копии будет разделен на указанные размеры, когда он будет больше 5G",
      "index_55_": "Настройка резервного копирования",
      "index_56_": "Сохранять локальные резервные копии одновременно (такое же количество копий, как и в облачном хранилище)",
      "index_57_": "Без разделения",
      "index_58_": "Разделение по размеру файла",
      "index_59_": "Разделение по количеству",
      "index_60_": "Час и минута не могут быть 0"
    },
    "Api_": {
      "index_1_": "Импорт задачи, пожалуйста, подождите...",
      "index_2_": "Настройка, пожалуйста, подождите...",
      "index_3_": "Очистка, пожалуйста, подождите...",
      "index_4_": "Выполнение, пожалуйста, подождите...",
      "index_5_": "Редактирование, пожалуйста, подождите...",
      "index_6_": "Настройка, пожалуйста, подождите..."
    }
  }
}
