{
    "Database_": {
    "index_1_": "Добавить БД",
    "index_2_": "Пароль root",
    "index_3_": "phpMyAdmin",
    "index_4_": "Удаленная БД",
    "index_5_": "Синхронизировать все",
    "index_6_": "Получить БД с сервера",
    "index_7_": {
    "0_": "После добавления базы данных обязательно добавьте задачи планового резервного копирования на странице {btn}, чтобы обеспечить безопасность ваших данных.",
    "1_": "Cron"
    },
    "index_8_": "phpMyAdmin [{0}]",
    "index_9_": "Пожалуйста, установите phpMyAdmin",
    "index_10_": "Набор инструментов MYSQL [{0}]",
    "index_11_": "Установить права доступа к базе данных [{0}]",
    "index_12_": "Имя базы данных",
    "index_13_": "Имя пользователя",
    "index_14_": "Пароль",
    "index_15_": { "0_": "Не удалось получить пароль, нажмите {error}!", "1_": "сбросить" },
    "index_16_": "Резервное копирование",
    "index_17_": "Существует({0})",
    "index_18_": "Не существует",
    "index_19_": "Расположение",
    "index_20_": "Менеджер",
    "index_21_": "Разрешение",
    "index_22_": "Инструменты",
    "index_23_": "Изменить ПР",
    "index_24_": "Синхронизировать с сервером",
    "index_25_": "Пакетная синхронизация с сервером",
    "index_26_": "Будьте осторожны, выбранный элемент будет [Синхронизирован с сервером] после подтверждения",
    "index_27_": "Резервное копирование БД",
    "index_28_": "Пакетное резервное копирование базы данных",
    "index_29_": "Вы хотите продолжить операцию пакетного резервного копирования базы данных?",
    "index_30_": "Удалить базу данных",
    "index_31_": "Доступ к phpMyAdmin по паролю включен, пожалуйста, используйте [Публичный доступ]",
    "index_32_": "Пожалуйста, установите phpMyAdmin",
    "form_": {
    "index_1_": "Имя БД",
    "index_2_": "Новое имя базы данных",
    "index_3_": "Имя пользователя",
    "index_4_": "Пользователь базы данных",
    "index_5_": "Пароль",
    "index_6_": "Разрешение",
    "index_7_": "IP",
    "index_8_": "Если нужно ввести несколько IP, пожалуйста, заполните строку, один IP на строку",
    "index_9_": "Добавить в",
    "index_10_": "Удаленные серверы",
    "index_11_": "Принудительный SSL",
    "index_12_": "Локальный сервер",
    "index_13_": "Все",
    "index_14_": "Указанный IP",
    "index_15_": "Пожалуйста, введите имя базы данных",
    "index_16_": "Пожалуйста, введите имя пользователя",
    "index_17_": "Пожалуйста, введите пароль",
    "index_18_": "Пожалуйста, выберите удаленный сервер",
    "index_19_": "Пожалуйста, введите IP"
    },
    "tools_": {
    "index_1_": "Имя базы данных: ",
    "index_2_": "Размер: ",
    "index_3_": "Восстановить",
    "index_4_": "Оптимизировать",
    "index_5_": "Конвертировать в InnoDB",
    "index_6_": "Конвертировать в MyISAM",
    "index_7_": "[Восстановление] Попытка восстановить поврежденную таблицу с помощью команды REPAIR. Вы можете выполнить только простой ремонт. Если ремонт не удался, рассмотрите возможность использования инструмента myisamchk.",
    "index_8_": "[Оптимизация] Выполнение команды OPTIMIZE для восстановления неосвобожденного дискового пространства. Рекомендуется выполнять раз в месяц.",
    "index_9_": "[Конвертация в InnoDB/MyISAM] Конвертация движка таблиц базы данных. Рекомендуется конвертировать все таблицы в InnoDB",
    "index_10_": "Имя таблицы",
    "index_11_": "Движок",
    "index_12_": "Кодировка",
    "index_13_": "Количество строк",
    "index_14_": "Размер",
    "index_15_": "Восстановить",
    "index_16_": "Оптимизировать",
    "index_17_": ""
    },
    "phpadmin_": {
    "index_1_": "Сервис",
    "index_2_": "Версия PHP",
    "index_3_": "Настройки безопасности",
    "index_4_": "Включить публичный доступ",
    "index_5_": "Отключение [публичного доступа] повышает безопасность",
    "index_6_": "Публичный доступ",
    "index_7_": "Доступ без пароля требует предварительного входа в панель",
    "index_8_": "Если доступ без пароля не отвечает, используйте [Публичный доступ]",
    "index_9_": "Если доступ через панель не отвечает, пожалуйста, используйте [Публичный доступ] для доступа к phpMyAdmin",
    "index_10_": "Если при доступе появляется 502, пожалуйста, проверьте [статус php] или попробуйте [изменить версию php]",
    "index_11_": "Доступ без пароля",
    "index_12_": "{0} сервис phpMyAdmin",
    "index_13_": "Вы уверены, что хотите {0} сервис phpMyAdmin?",
    "index_14_": "Переход к phpMyAdmin, пожалуйста, подождите...",
    "index_15_": "Доступ к phpMyAdmin по паролю включен, пожалуйста, используйте [Публичный доступ]",
    "index_16_": "Порт доступа",
    "index_17_": "Открыть SSL",
    "index_18_": "SSL порт",
    "index_19_": "Доступ с паролем",
    "index_20_": "Авторизованный пользователь",
    "index_21_": "Пароль доступа",
    "index_22_": "Повторите пароль доступа",
    "index_23_": "Пожалуйста, оставьте пустым, если не модифицировано",
    "index_24_": "Добавить защитный замок доступа для phpMyAdmin",
    "index_25_": "Пожалуйста, введите порт доступа",
    "index_26_": "Пожалуйста, введите ssl порт",
    "index_27_": "Вы уверены, что хотите отключить авторизацию доступа?",
    "index_28_": "Авторизованный пользователь или пароль не могут быть пустыми!",
    "index_29_": "Имя пользователя или пароль не могут быть короче 3 символов!",
    "index_30_": "Пароли в двух вводах не совпадают!",
    "index_31_": "Версия PHP",
    "index_32_": "Пожалуйста, выберите версию PHP-CLI"
    },
    "Api_": {
    "Index_1_": "Подключение к удаленному серверу, пожалуйста, подождите...",
    "Index_2_": "Изменение информации о подключении к удаленному серверу, пожалуйста, подождите...",
    "Index_3_": "Получение списка удаленных серверов, пожалуйста, подождите...",
    "Index_4_": "Синхронизация, пожалуйста, подождите...",
    "Index_5_": "Импорт данных, пожалуйста, подождите...",
    "Index_6_": "Команда восстановления отправлена, пожалуйста, подождите...",
    "Index_7_": "Команда оптимизации отправлена, пожалуйста, подождите...",
    "Index_8_": "Команда конвертации движка отправлена, пожалуйста, подождите...",
    "Index_9_": "Установка статуса доступа по паролю, пожалуйста, подождите...",
    "Index_10_": "Восстановление данных, пожалуйста, подождите...",
    "Index_11_": "Сохранение данных Redis, пожалуйста, подождите...",
    "Index_12_": "Удаление резервной копии, пожалуйста, подождите..."
    }
    }
    }