{
  "Docker_": {
    "index_1_": "Пожалуйста, сначала запустите сервис docker",
    "index_2_": "Docker или docker-compose не установлены, ",
    "App_": {
      "index_1_": "Поддерживает нечеткий поиск по названию приложения, полю",
      "index_2_": "Обновить список проектов",
      "index_3_": "Обновить",
      "index_4_": "Установить",
      "index_5_": "Управлять",
      "index_6_": "Удалить"
    },
    "Overview_": {
      "index_1_": "Работающие контейнеры",
      "index_2_": "Обновить список контейнеров",
      "index_3_": "Использование CPU",
      "index_4_": "Использование памяти",
      "index_5_": "Создано"
    },
    "Container_": {
      "index_1_": "Создать контейнер",
      "index_2_": "Управление журналами",
      "index_3_": "Очистить контейнер",
      "index_4_": "Журнал контейнера",
      "index_5_": "Имя контейнера",
      "index_6_": "ID контейнера",
      "index_7_": "Образ",
      "index_8_": "Порт (Хост-->Контейнер)",
      "index_9_": "Время создания",
      "index_10_": "Управление",
      "index_11_": "Терминал",
      "index_14_": "Журнал",
      "index_15_": "Переименовать",
      "index_16_": "Мониторинг",
      "index_17_": "Путь",
      "index_18_": "Управление контейнером",
      "index_19_": "Управление контейнером [{0}]",
      "index_20_": "Удалить контейнер [{0}]",
      "index_21_": "Удалить контейнер [{0}], Вы хотите продолжить операцию?",
      "index_22_": "Переименовать имя контейнера",
      "index_23_": "Переименовать имя контейнера [{0}]",
      "index_24_": "Мониторинг в реальном времени [{0}]",
      "index_25_": "Все остановленные, неиспользуемые контейнеры будут удалены, хотите продолжить?",
      "index_26_": {
        "index_1_": "Удалить все контейнеры (включая работающие контейнеры)",
        "index_2_": "все"
      },
      "index_27_": "CPU/ОЗУ",
      "log_": {
        "index_1_": "Обрезка журнала",
        "index_2_": "Обрезать файл журнала по {0}:{1} ежедневно после открытия, если вам нужно изменить это, нажмите",
        "index_3_": "Редактировать конфигурацию",
        "index_4_": "Нет журнала",
        "index_5_": "Настройка задач обрезки журнала",
        "index_6_": "{0} обрезка журнала",
        "index_7_": {
          "index_1_": "После открытия будет выполняться обрезка журнала этого контейнера, продолжить операцию?",
          "index_2_": "После выключения не будет возможности обрезать журналы для этого контейнера, продолжить операцию?"
        },
        "index_8_": "Путь обрезки",
        "index_9_": "Открыть путь",
        "index_10_": "Метод обрезки",
        "index_11_": "Размер журнала",
        "index_12_": "Время выполнения",
        "index_13_": "Размер журнала",
        "index_14_": "Время выполнения",
        "index_15_": "Ежедневно",
        "index_16_": "Часы",
        "index_17_": "Минуты",
        "index_18_": "Сохранить последние",
        "index_19_": "копии",
        "index_20_": "[Размер журнала]: Обрезать файлы журнала, когда размер файла журнала превышает указанный размер.",
        "index_21_": "Выполняется каждые 5 минут",
        "index_22_": "[Сохранить последние]: Сохранить последние файлы журнала и автоматически удалить старые файлы журнала при превышении указанного количества.",
        "index_23_": "Пожалуйста, укажите правильный размер",
        "index_24_": "Пожалуйста, укажите правильное количество часов",
        "index_25_": "Пожалуйста, укажите правильное количество минут",
        "index_26_": "Пожалуйста, укажите правильное количество копий для сохранения (1-1800)",
        "index_27_": "Получение журналов",
        "index_28_": "Список контейнеров пуст"
      },
      "create_": {
        "index_1_": "Создать вручную",
        "index_2_": "Создать командой",
        "index_3_": "Расположение контейнера",
        "index_4_": "Имя контейнера",
        "index_5_": "Пожалуйста, введите имя контейнера",
        "index_6_": "Образ",
        "index_7_": "Порт",
        "index_8_": "Открыть порт",
        "index_9_": "Открыть все",
        "index_10_": "Правило перезагрузки",
        "index_11_": "Без перезагрузки",
        "index_12_": "Перезагрузка после сбоя (по умолчанию 5 раз)",
        "index_13_": "Перезагрузка только при аномальном завершении",
        "index_14_": "Перезагрузка сразу после остановки",
        "index_15_": "Также перезагружается сразу при перезагрузке сервера",
        "index_16_": "Сохранить конфигурацию контейнера",
        "index_17_": "Пожалуйста, выберите образ",
        "index_18_": "Пожалуйста, введите правильный IP",
        "index_19_": "Локальный порт не может быть пустым",
        "index_20_": "Пожалуйста, введите правильный диапазон локальных портов",
        "index_21_": "Порт контейнера не может быть пустым",
        "index_22_": "Пожалуйста, введите правильный диапазон портов контейнера",
        "index_23_": "Протокол не может быть пустым",
        "index_24_": "Том монтирования не может быть пустым",
        "index_25_": "Директория монтирования не может быть пустой",
        "index_26_": "Разрешения не могут быть пустыми",
        "index_27_": "Директория контейнера не может быть пустой",
        "index_28_": "Подтвердите правильность",
        "index_29_": "Редактировать контейнер [{0}]",
        "index_30_": "Пожалуйста, введите или выберите образ",
        "index_31_": "Сеть",
        "index_32_": "Пожалуйста, введите IP, например: 172.20.x.x",
        "index_33_": "Монтирование/Отображение",
        "index_34_": "Автоматическое удаление контейнеров после выхода",
        "index_35_": "Взаимодействие с консолью",
        "index_36_": "Псевдо-TTY (-t)",
        "index_37_": "Стандартный ввод (-i)",
        "index_38_": "Привилегированный режим",
        "index_39_": "Мин. память",
        "index_40_": "Ограничение CPU",
        "index_41_": "Ограничение памяти",
        "index_42_": "Тег",
        "index_43_": "Тег контейнера, по одному на строку, например: ключ=значение",
        "index_44_": "Переменная окружения",
        "index_45_": "Добавьте переменную окружения в следующем формате. Если у вас несколько, \nпожалуйста, добавьте их: java_home=/usr/local/java8\nHOSTNAME=master",
        "index_46_": "Примечание",
        "index_47_": "Примечание к контейнеру",
        "index_48_": "(Максимальное значение: {0})",
        "index_49_": "[команда, точка входа, теги и переменная окружения]",
        "index_50_": "Ошибки конфигурации могут привести к тому, что отредактированный контейнер не запустится или будет потерян",
        "index_51_": ", поэтому, пожалуйста, действуйте с осторожностью!",
        "mount_1_": "Локальный путь",
        "mount_2_": "Том монтирования",
        "mount_3_": "Путь монтирования",
        "mount_4_": "Разрешения",
        "mount_5_": "Путь контейнера",
        "mount_7_": "Только для чтения",
        "mount_8_": "Чтение/Запись",
        "port_1_": "Локальный порт",
        "port_2_": "например: 80",
        "port_3_": "Контейнер",
        "port_4_": "Протокол",
        "command_1_": "Пожалуйста, введите команду для выполнения и нажмите enter для ее выполнения",
        "command_2_": "Выполнить команду",
        "command_3_": "Результат выполнения команды:",
        "command_4_": "Нет журнала",
        "command_5_": "Пожалуйста, введите команду",
        "command_6_": "Сбой при загрузке",
        "command_7_": "Успешно загружено",
        "command_8_": "Начало выполнения команд, пожалуйста, подождите...\n"
      },
      "config_": {
        "index_1_": "Статус контейнера",
        "index_2_": "Терминал контейнера",
        "index_3_": "Детали контейнера",
        "index_4_": "Тома хранения",
        "index_5_": "Сеть контейнера",
        "index_6_": "Стратегия перезагрузки",
        "index_7_": "Создать образ",
        "index_8_": "Редактировать контейнер",
        "index_9_": "Обновить контейнер",
        "index_10_": "Переименовать",
        "index_11_": "Мониторинг в реальном времени",
        "index_12_": "Журналы в реальном времени",
        "status_": {
          "index_1_": "Текущий статус: ",
          "index_7_": "Имя контейнера",
          "index_8_": "ID контейнера",
          "index_9_": "Используемый образ",
          "index_10_": "Время работы",
          "index_11_": "Время создания",
          "index_12_": "Время запуска",
          "index_13_": "Порты",
          "index_14_": "{0} часов",
          "index_15_": "Менее 1 часа"
        },
        "terminal_": {
          "index_1_": "Пожалуйста, выберите оболочку",
          "index_2_": "Открыть терминал"
        },
        "details_": {
          "index_1_": "Просмотр отображения",
          "index_2_": "Отображение файлов",
          "index_3_": "Детали контейнера",
          "index_4_": "Образ",
          "index_5_": "Конфигурация портов"
        },
        "volume_": { "index_1_": "Том", "index_2_": "Путь контейнера" },
        "network_": {
          "index_1_": "Присоединиться к сети",
          "index_2_": "Пожалуйста, выберите сеть",
          "index_3_": "Имя сети",
          "index_4_": "Шлюз",
          "index_5_": "Выход",
          "index_6_": "Выйти из сети [{0}]",
          "index_7_": "Вы действительно хотите выйти из сети [{0}]?"
        },
        "restart_": {
          "index_1_": "Стратегия перезагрузки",
          "index_2_": "Максимальное количество попыток",
          "index_3_": "Пожалуйста, введите максимальное количество попыток",
          "index_4_": "Количество",
          "index_5_": "Сохранить стратегию",
          "index_6_": "Ручные отключения не будут автоматически активированы",
          "index_7_": "Пожалуйста, введите правильное количество попыток",
          "index_8_": "Без перезагрузки",
          "index_9_": "Перезагрузка только при аномальном завершении",
          "index_10_": "Перезагрузка сразу после остановки",
          "index_11_": "Перезагрузка после сбоя"
        },
        "image_": {
          "index_1_": "Метод создания",
          "index_2_": "Простой режим",
          "index_3_": "Расширенный режим",
          "index_4_": "Имя образа",
          "index_5_": "Пожалуйста, введите имя образа",
          "index_6_": "Версия",
          "index_7_": "Пожалуйста, введите версию",
          "index_8_": "По умолчанию: latest",
          "index_9_": "Репозиторий",
          "index_10_": "Пожалуйста, выберите репозиторий",
          "index_11_": "Описание",
          "index_12_": "Автор",
          "index_13_": "Создать образ и экспортировать zip",
          "index_14_": "Пожалуйста, введите путь к образу",
          "index_15_": "Имя файла",
          "index_16_": "Создать образ"
        },
        "upgrade_": {
          "index_1_": "Текущий образ",
          "index_2_": "Целевой образ",
          "index_3_": "Пожалуйста, введите версию",
          "index_4_": "Принудительное обновление",
          "index_5_": "Принудительное скачивание образа",
          "index_6_": "Сохранить конфигурацию",
          "index_7_": "Пожалуйста, введите целевой образ",
          "index_8_": "Обнаружено, что текущая целевая версия ниже, чем исходная версия образа, пожалуйста, введите заново или нажмите Принудительное обновление!",
          "index_9_": "Обновить",
          "index_10_": "Операция обновления потребует перестройки контейнера, и все несохраненные данные будут потеряны, продолжить?"
        }
      },
      "terminal_": {
        "index_1_": "Пожалуйста, выберите оболочку",
        "index_2_": "Терминал",
        "index_3_": "Открыть терминал"
      },
      "rename_": {
        "index_1_": "Новое имя контейнера",
        "index_2_": "Пожалуйста, введите имя контейнера",
        "index_3_": "Пожалуйста, введите новое имя контейнера"
      },
      "monitor_": {
        "index_1_": "ЦП",
        "index_2_": "Память",
        "index_3_": "Диск. I/O",
        "index_4_": "Сетевой ввод-вывод",
        "index_5_": "Основная информация",
        "index_6_": "Ограничение памяти: ",
        "index_7_": "Трафик: ",
        "index_8_": "Исходящий: ",
        "index_9_": "Входящий: ",
        "index_10_": "Память",
        "index_11_": "Кэш",
        "index_12_": "Чтение",
        "index_13_": "Запись",
        "index_14_": "Исходящий",
        "index_15_": "Входящий"
      }
    },
    "CloudImage_": {
      "index_1_": "Пожалуйста, введите имя образа для поиска",
      "index_3_": "Перейти к поиску Docker Hub",
      "index_4_": "Загрузить образ",
      "index_5_": "Имя образа",
      "index_6_": "Статистика",
      "index_7_": "Источник",
      "index_8_": "Описание",
      "index_9_": "Начинается загрузка образа..."
    },
    "LocalImage_": {
      "index_1_": "Загрузить из репозитория",
      "index_2_": "Импортировать образ",
      "index_3_": "Собрать образ",
      "index_4_": "Облачный образ",
      "index_5_": "Очистить образ",
      "index_6_": "Загрузить образ",
      "index_7_": "Имя образа",
      "index_8_": "Размер",
      "index_9_": "Время создания",
      "index_10_": "Контейнеры, использующие образ",
      "index_11_": "Отправить",
      "index_12_": "Экспорт",
      "index_14_": "Отправить образ",
      "index_15_": "Официальный репозиторий Docker не поддерживает отправку образов",
      "index_16_": "Отправить [{0}] в репозиторий",
      "index_17_": "Экспортировать образ",
      "index_18_": "Экспортировать образ [{0}]",
      "index_19_": "Удалить образ [{0}]",
      "index_20_": "Очистить образы без имени, продолжить?",
      "index_21_": "Очистить образы, не используемые контейнерами",
      "index_22_": "Путь",
      "index_23_": "Пожалуйста, введите путь к образу",
      "index_24_": "Вы действительно хотите удалить образ [{0}]?",
      "push_1_": "Имя репозитория",
      "push_2_": "Тег",
      "push_3_": "Пожалуйста, введите тег, например: image:v1",
      "push_4_": "Пожалуйста, введите тег",
      "push_5_": "Пожалуйста, введите правильный формат тега, например: image:v1",
      "export_3_": "Имя файла",
      "export_4_": "Пожалуйста, введите имя файла",
      "build_1_": "Путь",
      "build_2_": "Пожалуйста, введите или выберите Docker-файл",
      "build_3_": "Тег",
      "build_4_": "Пожалуйста, введите имя образа, например: btnginx:1.24",
      "build_5_": "Содержимое",
      "build_6_": "Пожалуйста, выберите путь",
      "build_7_": "Пожалуйста, введите содержимое",
      "pull_": {
        "index_1_": "Обычная загрузка",
        "index_2_": "Загрузка командой",
        "index_3_": "Имя репозитория",
        "index_4_": "Имя образа",
        "index_5_": "Пожалуйста, введите имя образа и нажмите enter для загрузки, например: image:v1",
        "index_6_": "Загрузить",
        "index_7_": "Результат загрузки: ",
        "index_8_": "Пожалуйста, выберите имя репозитория",
        "index_9_": "Пожалуйста, выберите имя образа",
        "index_10_": "Нет журнала",
        "index_11_": "Пожалуйста, введите команду, например docker pull redis:latest, и нажмите enter.",
        "index_12_": "Выполнить",
        "index_13_": "Пожалуйста, введите команду",
        "index_14_": "Ошибка загрузки"
      }
    },
    "Compose_": {
      "index_1_": "Добавить проект контейнера",
      "index_2_": "Очистить проект контейнера",
      "index_3_": "Удалить все расположения контейнеров без контейнера, продолжить?",
      "index_4_": "Имя проекта",
      "index_5_": "Количество контейнеров",
      "index_6_": "Время запуска",
      "index_7_": "Описание",
      "index_8_": "Список контейнеров",
      "index_11_": "Список контейнеров [{0}]",
      "index_12_": "Редактировать проект контейнера",
      "index_13_": "Удалить проект [{0}]",
      "index_14_": "Вы действительно хотите удалить элемент [{0}]?",
      "form_": {
        "index_1_": "Шаблон контейнера",
        "index_2_": "Создать",
        "index_3_": "Имя",
        "index_4_": "Описание",
        "index_5_": "Пожалуйста, выберите шаблон контейнера",
        "index_6_": "Пожалуйста, введите имя шаблона",
        "index_7_": "Добавить Yaml шаблон"
      }
    },
    "Template_": {
      "index_4_": "Имя шаблона",
      "index_5_": "Путь",
      "index_6_": "Описание",
      "index_8_": "Загрузить образ",
      "index_12_": "Удалить шаблон элемента [{0}], Вы хотите продолжить операцию?",
      "index_13_": "Добавить Yaml шаблон",
      "index_14_": "Редактировать Yaml шаблон",
      "index_15_": "Редактировать Yaml шаблон [{0}]",
      "index_16_": "Журнал загрузки образа",
      "index_17_": "Журнал загрузки образа [{0}]",
      "index_18_": "Удалить шаблон [{0}]",
      "index_19_": "Загрузка успешна",
      "index_20_": "Ошибка загрузки",
      "add_": {
        "index_1_": "Создать шаблон",
        "index_2_": "Пожалуйста, введите имя шаблона",
        "index_3_": "Примечание",
        "index_4_": "Содержимое",
        "index_5_": "Пожалуйста, введите путь к образу",
        "index_6_": "Включая подкаталоги",
        "index_8_": "Проверьте Compose, который нужно добавить [Отмечено: {0}]",
        "index_9_": "Шаблон Compose",
        "index_10_": "Путь",
        "index_11_": "Пожалуйста, выберите путь",
        "index_12_": "Пожалуйста, выберите шаблон",
        "index_13_": "Добавить шаблон Compose",
        "index_14_": "Поиск локального шаблона"
      }
    },
    "Network_": {
      "index_1_": "Добавить сеть",
      "index_2_": "Очистить сеть",
      "index_3_": "Имя сети",
      "index_4_": "Драйвер",
      "index_5_": "IPv4",
      "index_6_": "IPv4 шлюз",
      "index_7_": "Тег",
      "index_8_": "Время создания",
      "index_10_": "Пакетное удаление сети",
      "index_11_": "Пакетное удаление выбранной сети, Вы хотите продолжить операцию?",
      "index_12_": "Удалить сеть [{0}]",
      "index_13_": "Вы действительно хотите очистить неиспользуемую сеть?",
      "index_14_": "Вы действительно хотите удалить сеть [{0}]?",
      "form_": {
        "index_1_": "Имя сети",
        "index_2_": "Пожалуйста, введите имя сети",
        "index_3_": "IPv4 подсеть",
        "index_4_": "например: 124.42.0.0/16",
        "index_5_": "IPv4 шлюз",
        "index_6_": "например: 124.42.0.254",
        "index_7_": "Диапазон IPv4",
        "index_8_": "например: 124.42.0.0/24",
        "index_9_": "Примечание",
        "index_10_": "Пожалуйста, введите IPv4 подсеть",
        "index_11_": "Пожалуйста, введите правильную IPv4 подсеть",
        "index_12_": "Пожалуйста, введите IPv4 шлюз",
        "index_13_": "Пожалуйста, введите правильный IPv4 шлюз",
        "index_14_": "Пожалуйста, введите диапазон IPv4",
        "index_15_": "Пожалуйста, введите правильный диапазон IPv4"
      }
    },
    "Volume_": {
      "index_1_": "Добавить том",
      "index_2_": "Очистить том",
      "index_3_": "Имя тома",
      "index_4_": "Точка монтирования",
      "index_5_": "Контейнер",
      "index_6_": "Драйвер",
      "index_7_": "Время создания",
      "index_8_": "Тег",
      "index_10_": "Удалить том [{0}]",
      "index_11_": "Пакетное удаление томов",
      "index_12_": "Пакетное удаление выбранных томов, Вы хотите продолжить операцию?",
      "index_13_": "Вы действительно хотите очистить все тома хранения, которые не используются контейнером? (вероятно, не будет включать тома, созданные вами самостоятельно)",
      "index_14_": "Вы действительно хотите удалить том хранения [{0}]?",
      "form_": {
        "index_1_": "Имя тома",
        "index_2_": "Пожалуйста, введите имя тома",
        "index_3_": "Опция",
        "index_4_": "Тег",
        "index_5_": "Тег тома, по одному на строку, например: ключ=значение",
        "index_6_": "Примечание"
      }
    },
    "Repository_": {
      "index_1_": "Добавить репозиторий",
      "index_2_": "Редактировать репозиторий [{0}]",
      "index_3_": "Имя пользователя",
      "index_4_": "Имя репозитория",
      "index_5_": "Описание",
      "index_8_": "Удалить репозиторий [{0}]",
      "index_9_": "Вы действительно хотите удалить репозиторий [{0}]?",
      "index_10_": "Пакетное удаление репозиториев",
      "index_11_": "Пакетное удаление выбранных репозиториев, Вы хотите продолжить операцию?",
      "form_": {
        "index_1_": "Адрес репозитория",
        "index_2_": "например: ccr.ccs.tencentyun.com",
        "index_3_": "Имя репозитория",
        "index_4_": "например: testtest",
        "index_5_": "Имя пользователя",
        "index_6_": "Пожалуйста, введите имя пользователя",
        "index_7_": "Пожалуйста, введите пароль",
        "index_8_": "Пространства имен",
        "index_9_": "например: testname",
        "index_10_": "Описание",
        "index_11_": "Пожалуйста, введите адрес репозитория",
        "index_12_": "Пожалуйста, введите имя репозитория",
        "index_13_": "Пожалуйста, введите имя пользователя репозитория",
        "index_14_": "Пожалуйста, введите пространства имен",
        "index_15_": "Пароль"
      }
    },
    "Setting_": {
      "index_1_": "Сервер Docker",
      "index_2_": "Текущий статус",
      "index_3_": "Запуск",
      "index_4_": "Остановка",
      "index_5_": "Перезапуск",
      "index_6_": "Ремонт",
      "index_7_": "Зеркала реестра",
      "index_8_": "URL ускорения не установлен",
      "index_10_": "*Путь Docker compose",
      "index_11_": "Файл конфигурации",
      "index_12_": "Открыть файл конфигурации",
      "index_13_": "Исправить модуль docker",
      "index_14_": "Ремонт docker может вызвать аномалии контейнера, ремонт займет около 5 минут, продолжить?",
      "index_15_": "Настройка URL ускорения",
      "index_16_": "Настройка пути Compose",
      "index_17_": "Глобальный файл конфигурации",
      "index_18_": "Удалить Docker",
      "index_19_": "Принудительное удаление",
      "index_20_": "Принудительное удаление может оставить информацию о контейнере или образы",
      "index_21_": "Пожалуйста, отметьте флажок для принудительного удаления перед продолжением",
      "compose_": {
        "index_1_": "Путь",
        "index_2_": "Пожалуйста, выберите путь к файлу compose",
        "index_3_": "Пожалуйста, выберите путь к зеркалу"
      },
      "url_": {
        "index_1_": "Пожалуйста, введите URL ускорения",
        "index_2_": "Приоритетное использование ускоренных URL для выполнения операций, при тайм-аутах запросов будет использоваться метод ускорения по умолчанию",
        "index_3_": "После настройки ускорения необходимо вручную перезапустить docker",
        "index_4_": "Для отключения ускорения установите пустое значение",
        "index_5_": "Без ускорения"
      }
    },
    "install_": {
      "index_2_": "Метод установки",
      "index_3_": "Репозиторий",
      "index_4_": "По умолчанию",
      "index_5_": "Пользовательский",
      "index_6_": "Бинарная установка",
      "index_7_": "download.docker.com (Официальный образ Docker)",
      "index_8_": "Пожалуйста, выберите репозиторий"
    },
    "api_": {
      "index_1_": "Очистка контейнеров, пожалуйста, подождите...",
      "index_2_": "Настройка статуса контейнера, пожалуйста, подождите...",
      "index_3_": "Настройка примечания контейнера, пожалуйста, подождите...",
      "index_4_": "Добавление контейнера, пожалуйста, подождите...",
      "index_5_": "Редактирование контейнера, пожалуйста, подождите...",
      "index_6_": "Получение данных, пожалуйста, подождите...",
      "index_7_": "Удаление контейнера, пожалуйста, подождите...",
      "index_8_": "Очистка журналов контейнера, пожалуйста, подождите...",
      "index_9_": "Настройка статуса ротации журналов, пожалуйста, подождите...",
      "index_10_": "Присоединение к сети, пожалуйста, подождите...",
      "index_11_": "Выход из сети, пожалуйста, подождите...",
      "index_12_": "Настройка политики перезапуска, пожалуйста, подождите...",
      "index_13_": "Создание образа, пожалуйста, подождите...",
      "index_14_": "Обновление контейнера, пожалуйста, подождите...",
      "index_15_": "Переименование, пожалуйста, подождите...",
      "index_16_": "Изменение директории, пожалуйста, подождите...",
      "index_17_": "Импорт образа, пожалуйста, подождите...",
      "index_18_": "Сборка образа, пожалуйста, подождите...",
      "index_19_": "Очистка образов, пожалуйста, подождите...",
      "index_20_": "Отправка образа, пожалуйста, подождите...",
      "index_21_": "Экспорт образа, пожалуйста, подождите...",
      "index_22_": "Удаление образа, пожалуйста, подождите...",
      "index_23_": "Настройка статуса проекта, пожалуйста, подождите...",
      "index_24_": "Удаление проекта, пожалуйста, подождите...",
      "index_25_": "Очистка проекта, пожалуйста, подождите...",
      "index_26_": "Добавление проекта, пожалуйста, подождите...",
      "index_27_": "Редактирование проекта, пожалуйста, подождите...",
      "index_28_": "Добавление шаблона, пожалуйста, подождите...",
      "index_29_": "Редактирование шаблона, пожалуйста, подождите...",
      "index_30_": "Удаление шаблона, пожалуйста, подождите...",
      "index_31_": "Загрузка образа, пожалуйста, подождите...",
      "index_32_": "Добавление сети, пожалуйста, подождите...",
      "index_33_": "Очистка сети, пожалуйста, подождите...",
      "index_34_": "Добавление тома, пожалуйста, подождите...",
      "index_35_": "Очистка тома, пожалуйста, подождите...",
      "index_36_": "Добавление репозитория, пожалуйста, подождите...",
      "index_37_": "Редактирование репозитория, пожалуйста, подождите...",
      "index_38_": "Настройка статуса Docker, пожалуйста, подождите...",
      "index_39_": "Ремонт Docker, пожалуйста, подождите...",
      "index_40_": "Перезапуск Docker, пожалуйста, подождите...",
      "index_41_": "Удаление источника ускорения, пожалуйста, подождите...",
      "index_42_": "Настройка URL ускорения, пожалуйста, подождите...",
      "index_43_": "Настройка пути compose, пожалуйста, подождите...",
      "index_44_": "Удаление сети, пожалуйста, подождите...",
      "index_45_": "Удаление тома, пожалуйста, подождите...",
      "index_46_": "Удаление репозитория, пожалуйста, подождите...",
      "index_47_": "Установка Docker, пожалуйста, подождите...",
      "index_48_": "Проверка статуса, пожалуйста, подождите...",
      "index_49_": "Удаление Docker, пожалуйста, подождите..."
    }
  }
}
