{
  "Ftp_": {
    "index_1_": "Пожалуйста, сначала установите Prue-Ftpd!",
    "index_2_": "FTP адрес",
    "Menu_": {
      "Add_": "Добавить FTP",
      "Change_": "Изменить порт FTP",
      "Log_": "Анализ журнала FTP"
    },
    "Add_": {
      "Title_": "Добавить пользователя FTP",
      "Index_1_": "Корневой каталог",
      "Index_2_": "Имя пользователя FTP не может быть пустым!",
      "Index_3_": "Имя пользователя FTP может содержать только буквы, цифры и подчеркивания!",
      "Index_4_": "Имя пользователя FTP не может быть короче 3 символов!"
    },
    "Log_": {
      "Title_": "Инструмент сканирования журнала FTP",
      "Index_1_": "Быстрое сканирование деталей безопасности текущего FTP",
      "Index_2_": "Сканирование завершено,",
      "Index_3_": "всего",
      "Index_4_": "записей рисков обнаружено",
      "Index_5_": "Записей рисков не обнаружено",
      "Index_6_": "Рекомендуется включить автоматическое сканирование",
      "Index_7_": "Поддерживаются следующие сканирования рисков журнала:",
      "Index_8_": "Белый список",
      "Index_9_": "Условия анализа журнала FTP",
      "Index_10_": "Журналы FTP автоматически анализируются и отправляются",
      "Index_11_": "Белый список журнала FTP",
      "Index_12_": "Повторное сканирование",
      "Index_13_": "Сканировать сейчас"
    },
    "Analysis_": {
      "Index_1_": "Анонимные пользователи не могут быть удалены",
      "Index_2_": "Удалить FTP",
      "Index_3_": "После удаления выбранного пользователя FTP, пользователь FTP теряет права доступа и операций",
      "Index_4_": "Отключить FTP",
      "Index_5_": "Когда выбранный пользователь FTP деактивирован, пользователь FTP теряет доступ",
      "Index_6_": "Анонимные пользователи не могут быть деактивированы",
      "Index_7_": "Если адрес {0} игнорируется, IP-адрес будет добавлен в белый список, и данные этого IP-адреса больше не будут записываться в анализе журнала FTP",
      "Index_8_": "Множественные неудачные попытки входа",
      "Index_9_": "Аномальная область входа",
      "Index_10_": "Загрузка файла скрипта",
      "Index_11_": "Вход анонимного пользователя",
      "Index_12_": "Аномальное время входа",
      "Index_13_": "Количество дней должно быть целым числом",
      "Index_14_": "Количество дней должно быть больше 0",
      "Index_15_": "Сканировать условия касания",
      "Index_16_": "Более {0} раз",
      "Index_17_": "Область входа не",
      "Index_18_": "часов",
      "Index_19_": "Вход неанонимного пользователя",
      "Index_20_": "[Установить условия сканирования]",
      "Index_21_": "7 дней",
      "Index_22_": "30 дней",
      "Index_23_": "Настроить",
      "Index_24_": "[Множественные неудачные попытки входа] время обнаружения: 5 минут",
      "Index_25_": "Аномальная область входа",
      "Index_26_": "Все",
      "Index_27_": "Пользователь",
      "Index_28_": "Аномальное время входа",
      "Index_29_": "Удалить",
      "Index_30_": "По умолчанию сканируются журналы всех пользователей за 30 дней",
      "Index_31_": "Добавить в белый список",
      "Index_32_": "Обновить журнал",
      "Index_33_": "Миграция данных выполняется путем копирования",
      "Index_34_": "Если объем данных большой, рекомендуется ручная миграция",
      "Index_35_": "После завершения миграции необходимо вручную очистить старые данные",
      "Index_36_": "раз за 5 минут"
    },
    "Table_": {
      "Home_": "Домашняя директория",
      "SetPath_": "Установить путь",
      "Type_": "Тип",
      "Login_": "Журнал входа",
      "Action_": "Журнал действий",
      "IP_": "IP",
      "Migrate_": "Мигрировать",
      "Ignore_": "Игнорировать",
      "IgnoreIP_": "Игнорировать IP",
      "OperatingIP_": "Рабочий IP",
      "Delete_": "Удалить",
      "Disable_": "Отключить",
      "Time_": "Время операции",
      "OperationType_": "Тип операции",
      "CHG_": "Изменить пароль",
      "Log_": "Журнал",
      "Enabled_": "Включено",
      "Disabled_": "Отключено",
      "FTPUser_": "Пользователь FTP",
      "Document_": "Документ",
      "Del_": "Удалить",
      "View_": "Просмотр журнала FTP",
      "Text_start_": "После включения выбранного пользователя FTP, права доступа пользователя FTP будут восстановлены. Вы хотите продолжить?",
      "Text_stop_": "После отключения выбранного пользователя FTP, пользователь теряет права доступа. Вы хотите продолжить?",
      "Text_home_": "Изменить домашний каталог пользователя ftp",
      "Text_password_": "Изменить пароль пользователя FTP",
      "Text_del_": "Удалить пользователя FTP",
      "Text_delete_": "После удаления выбранного пользователя FTP, пользователь FTP полностью потеряет права доступа и операций, продолжить операцию?",
      "status_": { "Index_1_": "Активирован", "Index_2_": "Остановлен" }
    },
    "Label_": {
      "Failed_": "Неудачный вход",
      "Area_": "Область входа не",
      "Abnormal_": "Аномальное время входа",
      "Upload_": "Загрузка скрипта",
      "Security_": "Пункты риска безопасности",
      "Days_": "Дни журнала",
      "Login_": "IP входа",
      "All_": "Все",
      "Search_": "Поиск FTP",
      "State_": "Состояние",
      "LoginTime_": "Время входа",
      "LogoutTime_": "Время выхода",
      "UploadLabel_": "Загрузить",
      "Download_": "Скачать",
      "Rename_": "Переименовать",
      "Default_": "Порт по умолчанию"
    },
    "Placeholder_": {
      "Index_1_": "Пожалуйста, введите",
      "Index_2_": "Пожалуйста, выберите",
      "Index_3_": "По одному",
      "Index_4_": "Пожалуйста, введите количество дней",
      "Index_5_": "Пожалуйста, введите IP-адрес",
      "Index_6_": "Пожалуйста, введите правильный IP-адрес",
      "Index_7_": "Пожалуйста, введите рабочий IP/статус/время"
    },
    "Batch_": {
      "DelFtp_T_": "Пакетное удаление пользователей FTP",
      "DelFtp_C_": "Пакетное удаление выбранных пользователей FTP, после удаления они полностью потеряют права доступа и операций, продолжить операцию?"
    },
    "Tool_": {
      "Enable_T_": "Включить службу журнала FTP",
      "Enable_C_": "После включения службы журнала FTP, записываются журналы доступа пользователей FTP."
    },
    "Api_": { "Index_1_": "Обработка, пожалуйста, подождите..." }
  }
}
