{
  "Home_": {
    "index_1_": "Рекомендуемые программные пакеты",
    "index_2_": "Аккаунт",
    "index_3_": "Система: ",
    "index_4_": "Время работы: ",
    "index_5_": "Обновить",
    "index_6_": "Исправить",
    "index_7_": "Перезагрузить",
    "index_8_": "Перезагрузить сервер или панель",
    "index_9_": "Восстановить панель",
    "index_10_": "Проверить и восстановить панель, продолжить?",
    "index_11_": "Восстановление завершено, пожалуйста, нажмите Ctrl+F5 для обновления кэша!",
    "index_12_": "Работа заблокирована",
    "index_13_": "Работает медленно",
    "index_14_": "Работает нормально",
    "index_15_": "Работает плавно",
    "index_16_": "Использование ЦП",
    "index_17_": "Ядро(а)",
    "index_18_": "Информация о ЦП",
    "index_19_": "Дополнительная информация о нагрузке",
    "index_20_": "Информация о процессах TOP5 ЦП",
    "index_21_": "Функция Pro версии, ",
    "index_22_": "Обновить сейчас",
    "index_23_": "{0} ЦП, ${1} Физическое ядро, ${2} Логическое ядро",
    "index_24_": "Имя процесса",
    "index_25_": "ЦП",
    "index_26_": "Завершить",
    "index_27_": "Завершить процесс",
    "index_28_": "Завершение процесса [{0}] приведет к невозможности нормальной работы {1}. Продолжить?",
    "index_29_": "Примечание: {0}\nПуть запуска: {1}\nРабочая директория: {2}\nКоличество потоков: {3}",
    "index_30_": "Статус нагрузки",
    "index_31_": "Использование нагрузки",
    "index_32_": "Основная информация",
    "index_33_": "Средняя нагрузка за последние 1/5/15 минут: ",
    "index_34_": "Активные / Всего процессов: ",
    "index_35_": "Дополнительная информация о нагрузке",
    "index_36_": "Ядро",
    "index_37_": "Использование ОЗУ",
    "index_38_": "Освобождение",
    "index_39_": "Освобождено",
    "index_40_": "Очистить сейчас",
    "index_41_": "Информация о памяти",
    "index_42_": "Использовано:",
    "index_43_": "Всего:",
    "index_44_": "Доступно:",
    "index_45_": "Буфер/Кэш:",
    "index_46_": "Информация о процессах TOP5 памяти",
    "index_47_": "Если ваш сайт находится в состоянии интенсивного доступа, освобождение ОЗУ может иметь непредсказуемые последствия. Вы уверены, что хотите освободить ОЗУ сейчас?",
    "index_48_": "Память",
    "index_49_": "Очистить память",
    "index_50_": "Завершение процесса [{0}] приведет к невозможности нормальной работы {1}. Продолжить?",
    "index_51_": "Дисковое пространство:",
    "index_52_": "Очистить",
    "index_53_": "Основная информация",
    "index_54_": "Тип: ",
    "index_55_": "Точка монтирования: ",
    "index_56_": "Доступно: ",
    "index_57_": ", Всего: ",
    "index_58_": "Использовано: ",
    "index_59_": ", Система: ",
    "index_60_": "Информация об Inode",
    "index_61_": "Файловая система: ",
    "index_62_": "Всего Inodes: ",
    "index_63_": "Использовано Inode: ",
    "index_64_": "Доступно Inode: ",
    "index_65_": "Использование Inode: ",
    "index_66_": "Статус",
    "index_67_": "Обзор",
    "index_68_": "Сайт",
    "index_69_": "FTP",
    "index_70_": "БД",
    "index_71_": "Безопасность",
    "index_72_": "Перейти на страницу {0}",
    "index_73_": "Открыть риск безопасности",
    "index_74_": "Программное обеспечение",
    "index_75_": "Трафик",
    "index_76_": "Диск. I/O",
    "index_77_": "Сеть",
    "index_78_": "Диск",
    "index_79_": "Исходящий",
    "index_80_": "Входящий",
    "index_81_": "Всего отправлено",
    "index_82_": "Всего получено",
    "index_83_": "Единица: ",
    "index_84_": "Время: ",
    "index_85_": "Чтение",
    "index_86_": "Запись",
    "index_87_": "TPS",
    "index_88_": "Ожидание IO",
    "index_89_": "Количество операций чтения",
    "index_90_": "Количество операций записи",
    "index_91_": "Количество объединенных операций чтения",
    "index_92_": "Количество объединенных операций записи",
    "index_93_": "Ожидание чтения",
    "index_94_": "Ожидание записи",
    "Install_": {
      "index_1_": {
        "0_": "Рекомендуется использовать следующие пакеты для установки в один клик, выберите по необходимости или в {btn} выберите самостоятельно, рекомендуется установить LEMP.",
        "1_": "Магазин ПО"
      },
      "index_2_": "LNMP (Рекомендуется)",
      "index_3_": "LAMP",
      "index_4_": "Метод: ",
      "index_5_": "Быстрый",
      "index_6_": "т.е. rpm, устанавливается за очень короткое время (5~10 минут), с немного меньшей производительностью и стабильностью, чем при компиляции",
      "index_7_": "Компиляция",
      "index_8_": "устанавливается долго (от 30 минут до 3 часов), подходит для производственной среды",
      "index_9_": "В один клик",
      "index_10_": "Ваша ОЗУ меньше {0} ГБ, НЕ рекомендуется устанавливать MySQL-{1}",
      "index_11_": "Выбран Apache {0}, PHP будет работать в режиме {1}!",
      "index_12_": "Apache {0} НЕ поддерживает PHP-{1}",
      "index_13_": "Добавление в установщик...",
      "index_14_": "Запрос на установку добавлен в установщик"
    },
    "Update_": {
      "index_1_": "[Linux Stable] - Обновление версии",
      "index_2_": "В настоящее время это последняя версия",
      "index_3_": "Текущая версия: ",
      "index_4_": "Время выпуска: {0}",
      "index_5_": "Последняя версия Beta {0}",
      "index_6_": "Выпуск: {0}",
      "index_7_": "Бета",
      "index_8_": "Стабильная",
      "index_9_": {
        "0_": "Если вам нужно обновиться до бета-версии, пожалуйста, нажмите {btn}",
        "1_": "подробности"
      },
      "index_10_": "Последняя версия Stable {0}",
      "index_11_": "Переключиться на стабильную версию",
      "index_12_": "Подать заявку на Linux Beta версию",
      "index_13_": "Вы уверены, что хотите переключиться с бета на стабильную версию?",
      "index_14_": "[Linux {0}] - Обновление версии",
      "index_15_": "Доступна новая версия панели",
      "index_16_": "Время обновления: {0}",
      "index_17_": "Последняя версия: ",
      "index_18_": "Игнорировать обновления",
      "index_19_": "Обновить сейчас",
      "index_20_": "Инструкции для бета-тестеров",
      "index_21_": "Журнал обновлений Linux Beta",
      "index_23_": {
        "0_": "Я уже проверил {title} {wait}",
        "1_": "\"Инструкции для бета-тестеров\"",
        "2_": "Подождите {0} секунд(ы) для нажатия"
      },
      "index_24_": "Обновить до Linux Beta версии",
      "index_25_": "Пожалуйста, внимательно прочитайте Инструкции для бета-тестеров. Вы уверены, что хотите обновиться до Linux Beta версии?"
    },
    "Restart_": {
      "index_1_": "Перезагрузить сервер",
      "index_2_": "Перезагрузить панель",
      "index_3_": "Перезапустить службу панели",
      "index_4_": "Служба панели будет перезапущена, продолжить?",
      "index_5_": "Внимание, если этот сервер является контейнером, пожалуйста, отмените",
      "index_6_": "Безопасная перезагрузка помогает защитить файлы и выполнит следующие действия:",
      "index_7_": "Остановить веб-сервис",
      "index_8_": "Остановка веб-сервиса",
      "index_9_": "Остановить службу MySQL",
      "index_10_": "Остановка службы MySQL",
      "index_11_": "Начать перезагрузку сервера",
      "index_12_": "Ожидание запуска сервера",
      "index_13_": "Сервер успешно перезагружен!"
    },
    "Success_": {
      "index_1_": "Установка прошла успешно",
      "index_2_": "Программное обеспечение было установлено."
    },
    "Api_": {
      "index_1_": "Обработка, пожалуйста, подождите...",
      "index_2_": "Обновление, пожалуйста, подождите..."
    }
  }
}
