{
  "Layout_": {
    "Sider_": {
      "home_1_": "Главная",
      "site_1_": "Веб-сайт",
      "site_2_": "PHP Проект",
      "site_3_": "Node Проект",
      "site_4_": "Прокси Проект",
      "wp_1_": "WP Инструменты",
      "ftp_1_": "FTP",
      "ftp_2_": "FTP Менеджер",
      "database_1_": "Базы данных",
      "database_2_": "MySQL",
      "database_3_": "SQLServer",
      "database_4_": "MongoDB",
      "database_5_": "Redis",
      "database_6_": "PgSQL",
      "docker_1_": "Docker",
      "docker_2_": "Маг. приложений",
      "docker_3_": "Обзор",
      "docker_4_": "Контейнер",
      "docker_5_": "Облачный образ",
      "docker_6_": "Локальный образ",
      "docker_7_": "Compose",
      "docker_8_": "Шаблон",
      "docker_9_": "Сеть",
      "docker_10_": "Том",
      "docker_11_": "Репозиторий",
      "docker_12_": "Настройки",
      "monitor_1_": "Мониторинг",
      "security_1_": "Безопасность",
      "security_2_": "Файервол",
      "security_3_": "SSH",
      "security_4_": "Защита от брутфорса",
      "security_5_": "Доступ к компилятору",
      "security_6_": "Анти-вторжение",
      "security_7_": "Усиление системы",
      "wap_1_": "WAF",
      "wap_2_": "Обзор",
      "wap_3_": "Веб-сайт",
      "wap_4_": "Блокировка",
      "wap_5_": "Черный/Белый список",
      "wap_6_": "Регион",
      "wap_7_": "Пользовательские правила",
      "wap_8_": "Карта атак",
      "wap_9_": "Отчет",
      "wap_10_": "Глобальные настройки",
      "mail_1_": "Почтовый сервер",
      "mail_2_": "Обзор",
      "mail_3_": "Домен",
      "mail_4_": "Почтовый ящик",
      "mail_5_": "BCC",
      "mail_6_": "Пересылка почты",
      "mail_7_": "Входящие",
      "mail_8_": "Спам",
      "mail_9_": "Исходящие",
      "mail_10_": "Отправить письмо",
      "mail_11_": "Резервное копирование",
      "mail_12_": "Настройки",
      "mail_13_": "Массовая рассылка",
      "mail_14_": "Черный список",
      "files_1_": "Файлы",
      "logs_1_": "Журналы",
      "terminal_1_": "Терминал",
      "crontab_1_": "Планировщик",
      "soft_1_": "Маг. приложений",
      "soft_2_": "Магазин ПО",
      "config_1_": "Настройки"
    }
  }
}
