{
  "Mail_": {
    "Overview_": {
      "today_1_": "Процент успешных отправлений",
      "today_2_": "Успешно отправлено",
      "today_3_": "Неудачных отправлений",
      "today_4_": "Успешно получено",
      "today_5_": "Неудачных получений",
      "today_6_": "Процент успешных получений",
      "today_7_": "Отправлено сегодня",
      "today_8_": "Отклонено сегодня"
    },
    "Email_": {
      "index_1_": "Адрес электронной почты",
      "index_2_": "Отправитель",
      "index_3_": "Тема",
      "index_4_": "Время",
      "index_5_": "Просмотр",
      "index_6_": "Спам",
      "index_7_": "Проверить почту [{0}]",
      "index_8_": "Пометить как спам",
      "index_9_": "Вы уверены, что хотите пометить это сообщение как спам?",
      "index_10_": "Снять пометку"
    }
  }
}
