{
  "Public_": {
    "Name_": "aaPanel",
    "Site_": "Сайт",
    "Help_": "Помощь",
    "Type_": "Тип",
    "All_": "Все",
    "SelectAll_": "Выбрать все",
    "MoreTips_": "Дополнительные настройки, нажмите для просмотра",
    "tableRow_": { "Username_": "Имя пользователя", "Password_": "Пароль" },
    "Time_": {
      "Today_": "Сегодня",
      "Yesterday_": "Вчера",
      "7Days_": "Последние 7 дней",
      "30Days_": "Последние 30 дней"
    },
    "Punctuation_": { "Colon_": ": ", "Comma_": ", " },
    "Unit_": {
      "Item_": "",
      "Time_": "Раз",
      "Seconds_": "с",
      "Num_": "",
      "Day_": "День",
      "Hour_": "Час",
      "Minute_": "Мин"
    },
    "Btn_": {
      "Add_": "Добавить",
      "Save_": "Сохранить",
      "Config_": "Настроить",
      "Refresh_": "Обновить",
      "Set_": "Установить",
      "Del_": "Удалить",
      "Edit_": "Редактировать",
      "Modify_": "Изменить",
      "Cancel_": "Отмена",
      "Confirm_": "Подтвердить",
      "ClearHit_": "Очистить счетчики",
      "Submit_": "Отправить",
      "Apply_": "Применить",
      "Search_": "Поиск",
      "Help_": "Помощь",
      "LearnMore_": "Узнать больше",
      "Details_": "Подробности",
      "Tutorial_": "Обучение",
      "Sync_": "Синхронизировать",
      "Click_": "Просмотр",
      "Deploy_": "Развернуть",
      "Conf_": "Конфигурация",
      "More_": "Ещё",
      "Install_": "Установить",
      "Uninstall_": "Удалить",
      "Setup_": "Настроить",
      "Import_": "Импорт",
      "Export_": "Экспорт",
      "Empty_": "Очистить",
      "Preview_": "Предпросмотр",
      "Finish_": "Завершить",
      "Delete_": "Удалить",
      "Copy_": "Копировать",
      "Repair_": "Исправить",
      "Reset_": "Сбросить",
      "Download_": "Скачать"
    },
    "Batch_": {
      "Del_": "Пакетное удаление",
      "ChooseDel_": "Пожалуйста, выберите для удаления"
    },
    "Confirm_": {
      "Title_": "Подсказка",
      "Enable_": "Включить",
      "Disable_": "Закрыть"
    },
    "Form_": {
      "Ps_": "Примечание",
      "PsPlace_": "Пожалуйста, введите примечание",
      "index_1_": "Пожалуйста, введите ваш email адрес",
      "index_2_": "Пожалуйста, введите ваш пароль"
    },
    "Table_": {
      "Ps_": "Примечание",
      "Status_": "Статус",
      "Action_": "Действие",
      "Operation_": "Операция",
      "NotAction_": "Нет доступных действий",
      "Date_": "Дата",
      "Model_": "Модель",
      "Permissions_": "Разрешения",
      "Enable_": "Включить",
      "Disable_": "Отключить",
      "Total_": "Всего {0}"
    },
    "SiteCheckbox_": {
      "Search_": "Пожалуйста, введите имя сайта",
      "All_": "Выбрать все",
      "NotAll_": "Отменить выбор всех",
      "CurSite_": "Текущий сайт"
    },
    "Status_": {
      "Enable_": "Включено",
      "Running_": "Работает",
      "Stopped_": "Остановлено",
      "Paused_": "Приостановлено",
      "TurnOn_": "Включить",
      "TurnOff_": "Выключить",
      "Start_": "Запустить",
      "start_": "запустить",
      "Stop_": "Остановить",
      "stop_": "остановить",
      "Pause_": "Приостановить",
      "Unpause_": "Возобновить",
      "Restart_": "Перезапустить",
      "Kill_": "Завершить",
      "Reload_": "Перезагрузить"
    },
    "Api_": { "Load_": "{0}, пожалуйста, подождите..." },
    "Terminal_": {
      "index_3_": "Соединение было прервано, нажмите Enter для попытки переподключения!",
      "index_4_": "Попытка переподключения!"
    },
    "Pay_": {
      "index_1_": "БЕСПЛАТНО",
      "index_2_": "ПРОДЛИТЬ",
      "index_3_": "Купить сейчас",
      "index_4_": "Истекает: ",
      "index_5_": "Обновить сейчас",
      "index_6_": "Информация об авторизации",
      "index_7_": "Оплата успешна",
      "index_8_": "Оплата через Stripe",
      "index_9_": "Загрузка, пожалуйста, подождите...",
      "index_10_": "Ошибка оплаты заказа, пожалуйста, свяжитесь с администратором!",
      "index_11_": "Ваучеры",
      "index_12_": "Stripe",
      "index_13_": "PayPal",
      "index_14_": "Ваучер",
      "index_15_": "Авторизация",
      "index_16_": "Изменить",
      "index_17_": "После скидки",
      "index_18_": "СКИДКА или",
      "index_19_": "оплата",
      "index_20_": "Оплата подписки",
      "index_21_": "сначала",
      "index_22_": "при создании подписки ваша авторизация будет автоматически сгенерирована",
      "index_23_": "при продлении подписки ваша авторизация будет автоматически обновлена",
      "index_24_": "Выберите ваш план",
      "index_25_": "Самый популярный",
      "index_26_": "Загрузка, пожалуйста, подождите!",
      "index_27_": "Количество авторизаций",
      "index_28_": "Вопросы? Напишите нам в любое время: support{'@'}aapanel.com",
      "index_29_": "Функция Pro",
      "index_30_": "Описание плагина",
      "index_31_": "Сравнение функций",
      "index_32_": "Сэкономьте больше",
      "index_33_": "В Linux Pro Edition этот плагин и все другие функции Pro доступны для бесплатного использования"
    },
    "Coupon_": {
      "Text_": "Купон",
      "index_1_": "Получите купоны на ограниченное время",
      "index_2_": "СКИДКА",
      "index_3_": "Действителен ",
      "index_4_": "день",
      "index_5_": "Получить сейчас",
      "index_6_": "Не напоминать сегодня",
      "index_7_": "Не напоминать в течение 7 дней",
      "index_8_": "Никогда больше не напоминать",
      "index_9_": "вы подтверждаете?",
      "index_10_": "Заканчивается ",
      "index_11_": "Получить купон на ${0}",
      "index_12_": "{0} купонов"
    },
    "Feedback_": {
      "Text_": "Обратная связь",
      "index_1_": "Сбор отзывов о требованиях к aaPanel",
      "index_2_": "Если вы столкнулись с какими-либо проблемами или несовершенными функциями во время использования, пожалуйста, опишите",
      "index_3_": "ваши проблемы или потребности нам подробно, мы постараемся решить или улучшить их",
      "index_4_": "Мы уделяем особое внимание вашим отзывам о требованиях и проводим еженедельные обзоры требований. Надеемся, что сможем помочь вам лучше",
      "index_5_": "Пожалуйста, заполните отзыв",
      "index_6_": "Спасибо за ваше участие!"
    },
    "File_": {
      "index_1_": "Вернуться",
      "index_2_": "Текущий путь",
      "index_3_": "Имя файла",
      "index_4_": "Время изменения",
      "index_5_": "Разрешения",
      "index_6_": "Владелец"
    },
    "Components_": {
      "index_1_": "Выбрать директорию",
      "index_2_": "Выполнить",
      "index_3_": "Выбрано",
      "index_4_": "Успешно скопировано",
      "index_5_": "Ошибка копирования",
      "index_6_": "Подсказки: Ctrl+F Поиск ключевых слов, Ctrl+S Сохранить, Ctrl+H Поиск и замена",
      "index_7_": "Привязать аккаунт aaPanel",
      "index_8_": "Нет аккаунта, перейти к регистрации",
      "index_9_": "Войти",
      "index_10_": "Пакетная обработка {0}, текущий прогресс: ",
      "index_11_": "Ожидание",
      "index_12_": "Не установлено",
      "index_13_": "Квота уже установлена",
      "index_14_": "Нажмите для изменения квоты емкости",
      "index_15_": "Установить новую квоту",
      "index_16_": "Напоминание: Эта функция доступна только в Pro версии",
      "index_17_": "Требуется файловая система XFS и параметр [prjquota] для использования",
      "index_18_": "Пример fstab: /dev/vdc1 /data xfs defaults,prjquota 0 0",
      "index_19_": "Квота: Для отмены квоты установите \"0\"",
      "index_20_": "aaPanel Linux панель ©2014-{year} aaPanel (www.aapanel.com)",
      "index_21_": "Для предложений по поддержке посетите форум aaPanel",
      "index_22_": "Документация"
    }
  }
}
