{
    "Security_": {
        "Firewall_": {
            "index_1_": "Включить брандмауэр",
            "index_2_": "Включить блокировку ICMP",
            "index_3_": "Журналы сайта: ",
            "index_4_": "Очистить",
            "index_5_": "Брандмауэр не включен, пожалуйста ",
            "index_6_": "нажмите, чтобы включить",
            "index_7_": "Правило порта: {0}",
            "index_8_": "Правила IP: {0}",
            "index_9_": "Переадресация портов: {0}",
            "index_10_": "Правила зон: {0}",
            "index_11_": "Отключить системный брандмауэр",
            "index_12_": "Если брандмауэр отключен, сервер теряет защиту. Вы хотите продолжить?",
            "index_13_": "Блокировать ICMP",
            "index_14_": "После разблокировки ICMP сервер может быть обнаружен хакером, вы уверены, что хотите разблокировать ICMP?",
            "index_15_": "Очистить веб-журналы",
            "index_16_": "После очистки веб-журналов данные о доступе к сайту будут удалены. Эта операция необратима. Вы уверены, что хотите продолжить?",
            "index_17_": "Очищено!",
            "index_18_": "Включить системный брандмауэр",
            "index_19_": "Рекомендуется включить функцию брандмауэра. После включения функции брандмауэра текущая безопасность сервера будет лучше защищена. Вы хотите продолжить?",
            "index_20_": "Блокировка ICMP не повлияет на доступ к сайту, но функция ICMP не сможет использоваться для этого сервера. Вы уверены, что хотите заблокировать ICMP?",
            "index_21_": "Невозможно экспортировать без правил",
            "Port_": {
                "index_1_": "Добавить правило порта",
                "index_2_": "Импорт правил",
                "index_3_": "Экспорт правил",
                "index_4_": "Все направления",
                "index_5_": "Входящий",
                "index_6_": "Исходящий",
                "index_7_": "Пожалуйста, введите порт",
                "index_8_": "Редактировать правило порта",
                "index_9_": "Порт по умолчанию для сервиса MySQL",
                "index_10_": "Новый порт phpMyAdmin",
                "index_11_": "Сервис удаленного SSH",
                "index_12_": "Порт данных для активного режима FTP",
                "index_13_": "Порт по умолчанию для протокола FTP",
                "index_14_": "Диапазон портов для пассивного режима FTP",
                "index_15_": "Порт сервиса Memcached",
                "index_16_": "Сервис синхронизации данных Rsync",
                "index_17_": "Порт по умолчанию для веб-сайта",
                "index_18_": "Протокол",
                "index_19_": "Порт",
                "index_20_": "Прослушивание ",
                "index_21_": "Стратегия",
                "index_22_": "Не прослушивается",
                "index_23_": "Направление",
                "index_24_": "Исходный IP",
                "index_25_": "Все",
                "index_26_": "Примечания",
                "index_27_": "Время добавления",
                "index_28_": "Подробности процесса [{0}]",
                "index_29_": "Изменить стратегию порта [{0}]",
                "index_30_": "После установки политики порта на Разрешить, доступ к порту будет восстановлен. Вы хотите продолжить?",
                "index_31_": "Удалить правило порта [{0}]",
                "index_32_": "Вы хотите удалить текущее правило и продолжить?",
                "index_33_": "Пакетное удаление",
                "index_34_": "Пакетное удаление портов",
                "index_35_": "Пакетное удаление выбранных портов, Продолжить?",
                "index_36_": "Статус",
                "index_37_": "Нет сети",
                "index_38_": "(Подробности)",
                "index_39_": "Разрешить",
                "index_40_": "Запретить",
                "index_41_": "Если политика порта установлена на Запретить, порт будет запрещать внешний доступ. Вы хотите продолжить?",
                "index_42_": "Направление экспорта",
                "process_1_": "Имя процесса",
                "process_2_": "PID процесса",
                "process_3_": "Команда запуска",
                "form_1_": "Протокол",
                "form_2_": "Порт",
                "form_3_": "Пожалуйста, введите порт",
                "form_4_": "Исходный IP",
                "form_5_": "Указать IP",
                "form_6_": "Пожалуйста, введите указанный IP. Несколько IP должны быть разделены \",\" или переносами строк. Например: 192.168.1.1, 192.168.1.2",
                "form_7_": "Указать домен",
                "form_8_": "Пожалуйста, введите указанный домен. Например: www.aapanel.com",
                "form_9_": "Стратегия",
                "form_10_": "Направление",
                "form_11_": "Примечания",
                "form_12_": "Примечания могут быть пустыми",
                "form_13_": "Поддерживает добавление нескольких портов, например: 80, 88",
                "form_14_": "Поддерживает добавление диапазона портов, например: 80, 88, 90-99, 110-120",
                "form_15_": "Формат порта неверен, пожалуйста, введите число от 1 до 65535.",
                "form_16_": "Порт не может быть пустым, пожалуйста, введите",
                "form_18_": "Пожалуйста, введите указанный IP",
                "form_19_": "Пожалуйста, введите указанный домен",
                "form_20_": "Все",
                "form_21_": "Разрешить",
                "form_22_": "Запретить",
                "form_23_": "Входящий (По умолчанию)",
                "form_24_": "Исходящий"
            },
            "IP_": {
                "index_1_": "Добавить правило IP",
                "index_2_": "Импорт правил",
                "index_3_": "Экспорт правил",
                "index_4_": "Все направления",
                "index_5_": "Входящий",
                "index_6_": "Исходящий",
                "index_7_": "Пожалуйста, введите IP или примечания",
                "index_8_": "Редактировать правило IP",
                "index_9_": "Исходный IP",
                "index_10_": "Местоположение IP",
                "index_11_": "Стратегия",
                "index_12_": "Блокировать",
                "index_13_": "Направление",
                "index_14_": "Примечания",
                "index_15_": "Время добавления",
                "index_16_": "Изменить стратегию IP [{0}]",
                "index_17_": "Изменить политику IP-адреса на разблокировку. После установки IP-адреса нормальный доступ будет восстановлен. Вы хотите продолжить?",
                "index_18_": "Удалить правило порта [{0}]",
                "index_19_": "Текущее правило удаляется. Вы хотите продолжить?",
                "index_20_": "Пакетное удаление",
                "index_21_": "Пакетное удаление IP",
                "index_22_": "Пакетное удаление выбранных правил IP, Продолжить?",
                "index_23_": "Разблокировать",
                "index_24_": "Нажмите для просмотра",
                "index_25_": "Изменить политику IP-адреса на блокировку. После установки IP-адреса доступ к серверу будет запрещен. Вы хотите продолжить?",
                "index_26_": "Направление экспорта",
                "form_1_": "Пожалуйста, введите IP, например: 192.168.1.102",
                "form_2_": "Стратегия",
                "form_3_": "Направление",
                "form_4_": "Примечания",
                "form_5_": "Примечания могут быть пустыми",
                "form_8_": "Если вы добавляете сегмент IP, например: 192.168.0.0/24",
                "form_9_": "Если добавляете диапазон IP, пожалуйста, введите 192.168.1.xx-192.168.1.xx",
                "form_10_": "Пожалуйста, введите IP",
                "form_11_": "Разблокировать",
                "form_12_": "Блокировать",
                "form_13_": "Входящий (По умолчанию)",
                "form_14_": "Исходящий",
                "form_15_": "Если добавляете несколько IP, используйте \",\" для разделения",
                "form_16_": "Исходный IP"
            },
            "Forward_": {
                "index_1_": "Добавить переадресацию порта",
                "index_2_": "Импорт правил",
                "index_3_": "Экспорт правил",
                "index_4_": "Пожалуйста, введите порт переадресации",
                "index_5_": "Редактировать переадресацию порта",
                "index_6_": "Протокол",
                "index_7_": "Исходный порт",
                "index_8_": "Целевой IP",
                "index_9_": "Целевой порт",
                "index_10_": "Примечания",
                "index_11_": "Время добавления",
                "index_12_": "Удалить правило переадресации порта [Исходный порт: {0} -> Целевой порт: {1}]",
                "index_13_": "После удаления правила исходный порт перестанет переадресовывать правило на целевой порт. Вы хотите продолжить?",
                "index_14_": "Пакетное удаление",
                "index_15_": "Пакетное удаление переадресации портов",
                "index_16_": "Пакетное удаление выбранных правил переадресации портов, Продолжить?",
                "form_1_": "Протокол",
                "form_2_": "Исходный порт",
                "form_3_": "Пожалуйста, введите исходный порт",
                "form_4_": "Целевой IP",
                "form_5_": "Пожалуйста, введите целевой IP",
                "form_6_": "Целевой порт",
                "form_7_": "Пожалуйста, введите целевой порт",
                "form_8_": "Примечания",
                "form_9_": "Примечания могут быть пустыми",
                "form_10_": "Если это локальная переадресация порта, целевой IP: 127.0.0.1",
                "form_11_": "Если целевой IP не заполнен, по умолчанию будет переадресация на локальный порт!",
                "form_12_": "Формат порта неверен, пожалуйста, введите число от 1 до 65535."
            },
            "Area_": {
                "index_1_": "Добавить правило зоны",
                "index_2_": "Импорт правил",
                "index_3_": "Экспорт правил",
                "index_4_": "Пожалуйста, введите зону",
                "index_5_": "Редактировать правило зоны",
                "index_6_": "Зона",
                "index_7_": "Стратегия",
                "index_8_": "Блокировать",
                "index_9_": "Порт",
                "index_10_": "Все",
                "index_11_": "Время добавления",
                "index_12_": "Удалить правило зоны [Порт: {0}]",
                "index_13_": "После удаления правила доступ к региону, маскированному правилом, будет восстановлен. Вы хотите продолжить?",
                "index_14_": "Пакетное удаление",
                "index_15_": "Пакетное удаление правила зоны",
                "index_16_": "Пакетное удаление выбранных правил зон, Продолжить?",
                "form_1_": "Стратегия",
                "form_2_": "Порт",
                "form_3_": "Указанный порт",
                "form_4_": "Пожалуйста, введите указанный порт",
                "form_5_": "Зона",
                "form_8_": "Пожалуйста, выберите зону",
                "form_9_": "Пожалуйста, введите порт",
                "form_10_": "Формат порта неверен, пожалуйста, введите число от 1 до 65535",
                "form_11_": "Все порты",
                "form_12_": "Блокировать"
            },
            "Api_": {
                "index_1_": "Импорт правил, пожалуйста, подождите...",
                "index_2_": "Настройка статуса брандмауэра, пожалуйста, подождите...",
                "index_3_": "Настройка статуса ping, пожалуйста, подождите...",
                "index_4_": "Очистка журналов, пожалуйста, подождите...",
                "index_5_": "Добавление порта, пожалуйста, подождите...",
                "index_6_": "Изменение порта, пожалуйста, подождите...",
                "index_7_": "Изменение стратегии порта, пожалуйста, подождите...",
                "index_9_": "Добавление IP, пожалуйста, подождите...",
                "index_10_": "Изменение IP, пожалуйста, подождите...",
                "index_11_": "Изменение стратегии IP, пожалуйста, подождите...",
                "index_12_": "Добавление зоны, пожалуйста, подождите...",
                "index_13_": "Изменение зоны, пожалуйста, подождите...",
                "index_14_": "Экспорт правил, пожалуйста, подождите...",
                "index_15_": "Удаление порта, пожалуйста, подождите...",
                "index_16_": "Удаление IP, пожалуйста, подождите...",
                "index_17_": "Удаление переадресации порта, пожалуйста, подождите...",
                "index_18_": "Удаление зоны, пожалуйста, подождите...",
                "index_19_": "Добавление переадресации порта, пожалуйста, подождите...",
                "index_20_": "Изменение переадресации порта, пожалуйста, подождите..."
            }
        },
        "SSH_": {
            "index_1_": "Включить SSH",
            "index_2_": "Детали входа SSH: ",
            "index_3_": "Всего успешных: {0} (Новых сегодня: {1})",
            "index_4_": "Всего неудачных: {0} (Новых сегодня: {1})",
            "index_5_": "Основные настройки",
            "index_6_": "Журналы входа SSH",
            "index_7_": "Включить сервис SSH",
            "index_8_": "Вы уверены, что хотите включить сервис SSH?",
            "index_9_": "Выключение сервиса SSH также приведет к выходу всех вошедших пользователей, Продолжить?",
            "Basic_": {
                "index_1_": "Вход по паролю SSH",
                "index_2_": "Вход по ключу SSH",
                "index_3_": "Порт SSH",
                "index_4_": "Порт, используемый протоколом SSH. Значение по умолчанию - 22",
                "index_5_": "Настройки входа root",
                "index_6_": "Пароль root",
                "index_8_": "Рекомендуется использовать пароль высокой сложности, пожалуйста, сохраните его сразу после изменения, обновление страницы очистит поле пароля",
                "index_9_": "Ключ root",
                "index_10_": "Просмотр ключей",
                "index_12_": "Рекомендуется использовать ключ для входа и отключить пароль для большей безопасности",
                "index_13_": "Оповещение о входе SSH",
                "index_14_": "Не настроено",
                "index_15_": "{0} Настроено",
                "index_16_": "Настроить",
                "index_17_": "Для дополнительных настроек безопасности SSH используйте модуль Усиления системы",
                "index_18_": "Усиление системы",
                "index_19_": "Включить вход по ключу SSH",
                "index_20_": "Неверный формат порта, допустимый диапазон: 1-65535, Пожалуйста, избегайте использования следующих портов [80, 443, 8080, 8443, 8888]",
                "index_21_": "Пожалуйста, введите новый пароль",
                "index_22_": "Подсказка",
                "index_23_": "После сброса пароля root предыдущий пароль станет недействительным, Продолжить?",
                "index_24_": "Пожалуйста, сначала включите вход по ключу SSH, затем проверьте ключ",
                "index_25_": "Пожалуйста, сначала включите вход по ключу SSH, а затем загрузите ключ.",
                "index_26_": "Получение информации о ключе, пожалуйста, подождите...",
                "SSHKey_": {
                    "view_1_": "Перегенерировать",
                    "view_2_": "Перегенерация ключа прошла успешно!",
                    "open_1_": "Вход по паролю SSH",
                    "open_2_": "Режим шифрования ключа",
                    "open_3_": "Включить",
                    "open_4_": "Отключить",
                    "open_5_": "ED25519 (Рекомендуется)"
                },
                "LoginAlarm_": {
                    "index_1_": "Настройки оповещений",
                    "index_2_": "Белый список IP",
                    "logs_1_": "Информация о входе",
                    "logs_2_": "Время",
                    "logs_3_": "Только один из вышеуказанных вариантов может быть включен одновременно",
                    "whitelist_1_": "Пожалуйста, введите IP",
                    "whitelist_2_": "IP"
                }
            },
            "Logs_": {
                "index_1_": "Все",
                "index_2_": "Успешные",
                "index_3_": "Неудачные",
                "index_4_": "Пожалуйста, введите IP/Пользователь",
                "index_5_": "IP:Порт",
                "index_6_": "Местоположение",
                "index_7_": "Пользователь",
                "index_8_": "Статус",
                "index_9_": "Время операции",
                "index_10_": "Подсказка",
                "index_11_": "После блокировки этого IP, этому IP больше не будет разрешен доступ к серверу, Продолжить?",
                "index_12_": "Страница журнала входа SSH, нажмите на IP для ручной блокировки",
                "index_13_": "После разблокировки этого IP, доступ к серверу с этого IP будет восстановлен, Продолжить?",
                "index_14_": "Вход успешен",
                "index_15_": "Вход не удался",
                "free_1_": "Журналы входа SSH",
                "free_2_": "Запись и просмотр журналов входа SSH"
            },
            "Api_": {
                "index_1_": "Настройка сервиса SSH, пожалуйста, подождите...",
                "index_2_": "Настройка входа по ключу SSH, пожалуйста, подождите...",
                "index_3_": "Включение входа по ключу SSH, пожалуйста, подождите...",
                "index_4_": "Отключение входа по ключу SSH, пожалуйста, подождите...",
                "index_5_": "Изменение номера порта SSH, пожалуйста, подождите...",
                "index_6_": "Настройка входа root, пожалуйста, подождите...",
                "index_7_": "Установка пароля root, пожалуйста, подождите...",
                "index_8_": "Обработка, пожалуйста, подождите...",
                "index_9_": "Настройка оповещения о входе, пожалуйста, подождите...",
                "index_10_": "Добавление IP в белый список, пожалуйста, подождите...",
                "index_11_": "Удаление IP из белого списка, пожалуйста, подождите..."
            }
        },
        "Tabs_": {
            "Index_1_": "Конфигурация",
            "Index_2_": "Белый список",
            "Index_3_": "Черный список",
            "Index_4_": "История отчетов",
            "Index_5_": "Обзор",
            "Index_6_": "Белый список процессов",
            "Index_7_": "Журналы операций",
            "Index_8_": "Защита",
            "Index_9_": "Блокировка IP",
            "Index_10_": "Журналы операций"
        },
        "Conf_": {
            "Index_1_": "Защита aaPanel от брутфорс-атак",
            "Index_2_": "Ваш текущий IP-адрес [{0}] не находится в белом списке",
            "Index_3_": "Добавить в белый список",
            "Index_4_": "Рекомендуется включить функцию защиты от брутфорс-атак. Это лучше защитит сервер. Вы хотите продолжить?",
            "Index_5_": "Защита на основе имени пользователя",
            "Index_6_": "Защита на основе имени пользователя отслеживает попытки входа для учетных записей пользователей. При отключении, учетные записи пользователей не будут блокироваться, но существующие блокировки учетных записей останутся",
            "Index_7_": "Период защиты от брутфорс-атак (в минутах)",
            "Index_8_": "Максимальное количество неудач по учетной записи",
            "Index_9_": "Применять защиту только к локальным адресам",
            "Index_10_": "Применять защиту к локальным и удаленным адресам",
            "Index_11_": "Разрешить защите на основе имени пользователя блокировать пользователя 'root'",
            "Index_12_": "Защита на основе IP-адреса",
            "Index_13_": "Защита на основе IP-адреса отслеживает попытки входа с определенных IP-адресов. При отключении, IP-адреса не будут блокироваться, но существующие блокировки останутся",
            "Index_14_": "Период защиты от брутфорс-атак на основе IP-адреса (в минутах)",
            "Index_15_": "Максимальное количество неудач по учетной записи",
            "Index_16_": "Команда для выполнения, когда IP-адрес вызывает защиту от брутфорс-атак",
            "Index_17_": "Блокировать IP-адреса на уровне брандмауэра, если они вызывают защиту от брутфорс-атак",
            "Index_18_": "Однодневные блокировки",
            "Index_19_": "Максимальное количество неудач на IP-адрес перед блокировкой IP-адреса на один день",
            "Index_20_": "Команда для выполнения, когда IP-адрес вызывает однодневную блокировку",
            "Index_21_": "Блокировать IP-адреса на уровне брандмауэра, если они вызывают однодневную блокировку",
            "Index_22_": "История входов",
            "Index_23_": "Продолжительность хранения неудачных входов (в минутах)",
            "Index_24_": "Отправлять уведомление при успешном входе root, когда IP-адрес не находится в белом списке",
            "Index_25_": "Отправлять уведомление при успешном входе root, когда IP-адрес не находится в белом списке, но из известного сетевого блока",
            "Index_26_": "Отправлять уведомление, когда система обнаруживает попытку брутфорс-атаки пользователя",
            "Index_27_": "Пожалуйста, введите число больше 0 и не пустое",
            "Index_28_": "Не может быть пустым",
            "Index_29_": "Уведомления",
            "Index_30_": "Непривилегированные пользователи могут использовать компилятор (GCC)",
            "Index_31_": "Компиляторы {0} для непривилегированных пользователей",
            "Index_32_": "Многие распространенные эксплойты требуют работающего компилятора C в системе. Эта настройка позволяет вам запретить доступ к компилятору непривилегированным пользователям; вы также можете выбрать разрешение некоторым пользователям использовать компиляторы, в то время как они остаются отключенными по умолчанию",
            "Index_33_": "включены",
            "Index_34_": "отключены",
            "Index_35_": "Доступ к компилятору",
            "Index_36_": "Рекомендуется включить функцию отключения доступа к компилятору для непривилегированных пользователей. Это лучше защитит сервер. Хотите продолжить?",
            "Index_37_": "На основе",
            "Index_38_": "Пример команды: ls"
        },
        "WhiteList_": {
            "Index_1_": "IP-адреса в белом списке всегда могут входить на ваш сервер",
            "Index_2_": "Вы можете добавить необязательный комментарий к каждому IP-адресу",
            "Index_3_": "Пример: 169.254.1.1 # Комментарий для этого IP-адреса",
            "Index_4_": "Вы также можете вставить содержимое ранее загруженного белого списка"
        },
        "BlackList_": {
            "Index_1_": "IP-адреса в черном списке никогда не смогут войти на ваш сервер"
        },
        "History_": {
            "Index_1_": "Удалить блокировки и очистить отчеты",
            "Index_2_": "Выберите отчет",
            "Index_3_": "Неудачные входы",
            "Index_4_": "Заблокированные пользователи",
            "Index_5_": "Заблокированные IP-адреса",
            "Index_6_": "Однодневные блокировки",
            "Index_7_": "Пользователь",
            "Index_8_": "IP-адрес",
            "Index_9_": "Регион",
            "Index_10_": "Сервис",
            "Index_11_": "Время входа",
            "Index_12_": "Время истечения",
            "Index_13_": "Осталось минут",
            "Index_14_": "Поиск",
            "Index_15_": "Блокировка IP",
            "Index_16_": "Разблокировать",
            "Index_17_": "Разблокировка добавит IP в белый список, вы уверены, что хотите продолжить?",
            "Index_18_": "Это удалит блокировки и очистит отчеты, вы уверены, что хотите продолжить?",
            "Index_19_": "Заблокированный IP не будет отображаться в списке после разблокировки"
        },
        "Anti_": {
            "Index_1_": "Главный переключатель",
            "Index_2_": "Количество перехватов вторжений",
            "Index_3_": "Дни защиты",
            "Index_4_": "После включения система будет ограничивать команды пользователя и записывать отслеживание",
            "Index_5_": "При выключении система будет только записывать и отслеживать команды, которые выполнил пользователь",
            "Index_6_": "В настоящее время по умолчанию это относится только к проблемам вторжения, вызванным операциями пользователей www, redis, mysql",
            "Index_7_": "Всего",
            "Index_8_": "Журнал",
            "Index_9_": "Для процесса нужно указать абсолютный путь, например: /usr/bin/curl",
            "Index_10_": "Добавить процесс в белый список",
            "Index_11_": "Белый список процессов",
            "Index_12_": "Удалить процесс из белого списка",
            "Index_13_": "После удаления выбранного процесса он больше не будет получать защиту. Вы хотите продолжить?",
            "Index_14_": "Усиление системы",
            "Index_15_": "IP-адрес",
            "Index_16_": "[Блокировка IP] Заблокированный здесь IP предназначен только для сервиса SSH, то есть заблокированный IP не сможет подключиться к SSH",
            "Index_17_": "[Добавление] Ручное добавление блокировки IP может быть разблокировано только вручную!",
            "Index_18_": "Разблокировать вручную",
            "Index_19_": "Разблокировать сейчас",
            "Index_20_": "Пожалуйста, введите правильный IP-адрес",
            "Index_21_": "Детали",
            "Index_22_": "Пожалуйста, введите полное имя процесса",
            "Index_23_": "Добавить процесс",
            "Index_24_": "[Имя процесса] Пожалуйста, укажите полное имя процесса, например: mysqld",
            "Index_25_": "[Пояснение] Процессы в белом списке больше не будут обнаруживаться",
            "Index_26_": "Полный путь защищенного файла или директории",
            "Index_27_": "Пожалуйста, введите разрешения",
            "Index_28_": "Чтение",
            "Index_29_": "Добавление",
            "Index_30_": "Добавить защищенный файл/директорию",
            "Index_31_": "[Только чтение] Файлы и директории нельзя изменять, создавать или удалять",
            "Index_32_": "[Добавление] Можно только добавлять содержимое, нельзя удалять или изменять исходное содержимое",
            "Index_33_": "[Разрешения] Установите разрешения для файла или директории в защищенном состоянии, и они будут автоматически восстановлены после выключения",
            "Index_34_": "[Как установить] Пожалуйста, введите код разрешений Linux, например: 644, 755 и т.д.",
            "Index_35_": "Защищено",
            "Index_36_": "Не защищено",
            "Index_37_": "Ошибка входа",
            "Index_38_": "раз в течение",
            "Index_39_": "секунд, блокировка на",
            "Index_40_": "секунд",
            "Index_41_": "После срабатывания вышеуказанной стратегии IP-адрес клиента будет заблокирован на определенный период времени",
            "Index_42_": "Пожалуйста, проверьте запись о блокировке в журнале панели или журнале операций",
            "Index_43_": "Пожалуйста, проверьте запись об успешном входе SSH в журнале панели или журнале операций",
            "Index_44_": "Нет журналов команд"
        },
        "Hardening_": {
            "Index_1_": "[Аномальный процесс] и [Усиление SSH] будут занимать определенное количество серверных ресурсов",
            "Index_2_": "После включения усиления системы некоторые установки программного обеспечения или чувствительные операции будут запрещены",
            "Index_3_": "После включения [Усиления SSH], если вы войдете в SSH с несколькими последовательными неудачными попытками, IP будет заблокирован",
            "Index_4_": "[Примечание] Если вам нужно установить программное обеспечение или плагины, пожалуйста, сначала отключите усиление системы!",
            "Index_5_": "Описание",
            "Index_6_": "Пожалуйста, сначала включите главный переключатель усиления системы!",
            "Index_7_": "Конфигурация"
        },
        "Api_": {
            "Index_1_": "Открытие, пожалуйста, подождите...",
            "Index_2_": "Остановка, пожалуйста, подождите...",
            "Index_3_": "Удаление, пожалуйста, подождите...",
            "Index_4_": "Добавление, пожалуйста, подождите...",
            "Index_5_": "Обработка, пожалуйста, подождите...",
            "Index_6_": "Сохранение, пожалуйста, подождите...",
            "Index_7_": "Очистка, пожалуйста, подождите..."
        },
        "Compiler_": {
            "Index_1_": "Добавить пользователя, который может использовать компилятор",
            "Index_2_": "Эта группа контролирует, какие пользователи могут использовать системные компиляторы",
            "Index_3_": "Разрешить определенным пользователям использовать компиляторы",
            "Index_4_": "Настройка успешна",
            "Index_5_": "Пожалуйста, выберите пользователя",
            "Index_6_": "Вы уверены, что хотите удалить этого пользователя?"
        }
    }
}