{
  "Site_": {
    "PHP_": {
      "index_1_": "Веб-сервер не установлен, ",
      "index_2_": "Установить Nginx",
      "index_3_": "Установить Apache",
      "index_4_": "Добавить сайт",
      "index_5_": "Страница по умолчанию",
      "index_6_": "Сайт по умолчанию",
      "index_7_": "Версия PHP CLI",
      "index_8_": "Домен или примечания",
      "index_9_": "Добавить сайт - Поддержка пакетного создания сайтов",
      "index_10_": "Изменить страницу по умолчанию",
      "index_11_": "Сайт по умолчанию",
      "index_12_": "Установить версию PHP-CLI (командная строка)",
      "index_13_": "Изменение сайта [{0}] -- Время добавления [{1}]",
      "index_14_": "Статистика",
      "index_15_": "WAF",
      "index_16_": "Конфигурация",
      "index_17_": "Имя сайта",
      "index_18_": "Статус",
      "index_19_": "Резервное копирование",
      "index_20_": "Корневая директория",
      "index_21_": {
        "0_": "сайт [{0}]",
        "1_": "Запустить",
        "2_": "Остановить"
      },
      "index_22_": "Собираетесь включить этот сайт, вы уверены, что хотите продолжить?",
      "index_23_": "При выключении сайта доступ будет невозможен, вы уверены, что хотите продолжить?",
      "index_24_": "Атака",
      "index_25_": "Дата истечения",
      "index_26_": "PHP",
      "index_27_": "SSL",
      "index_28_": "Истек",
      "index_29_": "Истекает через {0} дней",
      "index_30_": "Не установлено",
      "index_31_": "Существует({0})",
      "index_32_": "Не существует",
      "index_33_": "Резервное копирование пакета [{0}]",
      "index_34_": "Бессрочно",
      "index_35_": "Успешно",
      "index_36_": "Успешно создано",
      "index_37_": "Не создано",
      "index_38_": "Пакетное добавление сайтов",
      "index_39_": "Строка",
      "index_40_": "ошибка формата домена",
      "index_41_": "ошибка формата порта",
      "index_42_": "ошибка пути",
      "index_43_": "Установка категории",
      "index_44_": "Управление категориями сайтов",
      "index_45_": "Все категории",
      "index_46_": "Пожалуйста, введите имя категории",
      "index_47_": "Имя категории",
      "index_48_": "Редактировать категорию",
      "index_49_": "Удалить категорию",
      "index_50_": "Вы уверены, что хотите удалить категорию?",
      "index_51_": "Страница по умолчанию",
      "index_52_": "Страница 404",
      "index_53_": "Страница для несвязанных доменов",
      "index_54_": "Страница остановки",
      "index_55_": "Версия PHP-CLI",
      "index_56_": "Несвязанные домены и IP будут перенаправлены на этот сайт, когда он установлен",
      "index_57_": "Может эффективно предотвратить злонамеренное разрешение доменов",
      "index_58_": "Сайт по умолчанию не установлен",
      "index_59_": "Это удалит выбранный профиль веб-сайта.",
      "index_60_": "Если флажок ниже отмечен, соответствующее содержимое будет удалено",
      "index_61_": "Пожалуйста, выберите версию в соответствии с требованиями вашей программы.",
      "index_62_": "Если нет необходимости, пожалуйста, постарайтесь не использовать PHP 5.2, это снизит безопасность вашего сервера.",
      "index_63_": "PHP 7 не поддерживает расширение mysql, mysqli и mysql_pdo будут установлены по умолчанию.",
      "index_64_": "Операция выполнена успешно!",
      "index_65_": "Пакетная установка версии php",
      "index_66_": "установить версию php",
      "index_67_": "Пожалуйста, выберите версию PHP-CLI",
      "index_68_": "Здесь вы можете установить версию PHP при использовании интерфейса командной строки PHP",
      "index_69_": "Это нужно сбросить после установки новой версии PHP",
      "index_70_": "Установить дату истечения срока действия",
      "index_71_": "Пакетная установка даты истечения срока действия",
      "index_72_": "Имя: Имя правила.",
      "index_73_": "Суффикс: Указывает суффикс, к которому запрещен доступ, если их несколько, разделите '{'|'}'",
      "index_74_": "Путь: Цитировать правила в этой директории. Например: /a/",
      "index_75_": "Например, если вы хотите запретить http://test.com/a/index.php",
      "index_76_": "Пожалуйста, заполните [ /a/ ]",
      "index_77_": "Выполнить Composer",
      "index_78_": "Влияние выполнения Composer зависит от файла конфигурации composer.json в этой директории, Продолжить?",
      "index_79_": "Индексы по умолчанию, по одному на строку, приоритет сверху вниз.",
      "index_80_": "Вы уверены, что хотите создать независимое правило перезаписи URL для этой поддиректории?",
      "index_81_": "Настроить правила перезаписи",
      "add_site_1_": "Создать сайт",
      "add_site_2_": "Пакетное создание",
      "add_site_3_": "Развертывание Wordpress",
      "add_site_4_": "Доменное имя",
      "add_site_5_": "Один домен на строку, порт по умолчанию 80",
      "add_site_6_": "Формат подстановочного домена: *.domain.com",
      "add_site_7_": "Чтобы добавить другой порт, формат: www.domain.com:88",
      "add_site_8_": "Описание",
      "add_site_9_": "Путь к сайту",
      "add_site_10_": "FTP",
      "add_site_11_": "Настройки FTP",
      "add_site_12_": "Создать учетную запись FTP",
      "add_site_13_": "Пароль",
      "add_site_14_": "Пароль FTP",
      "add_site_15_": "При создании сайта создать соответствующего пользователя FTP для сайта, и директория FTP указывает на директорию, где находится сайт.",
      "add_site_16_": "База данных",
      "add_site_17_": "Настройки базы данных",
      "add_site_18_": "Создать учетную запись базы данных",
      "add_site_19_": "Пароль базы данных",
      "add_site_20_": "При создании сайта создать соответствующую базу данных для сайта, чтобы облегчить использование разных баз данных для разных сайтов.",
      "add_site_21_": "Версия PHP",
      "add_site_22_": "Категория сайта",
      "add_site_23_": "Пожалуйста, введите доменное имя",
      "add_site_24_": "Текущее доменное имя имеет неправильный формат, строка {0}, содержание: {1}",
      "add_site_25_": "Длина доменного имени в строке {0} должна быть больше 3 и меньше 100.",
      "add_site_26_": "Пожалуйста, выберите путь к сайту",
      "add_site_27_": "Пожалуйста, выберите версию PHP",
      "add_site_28_": "Пожалуйста, выберите категорию сайта",
      "add_site_29_": "Сайт успешно создан",
      "add_site_30_": "База данных не установлена, Нажмите для установки",
      "add_site_31_": "Не создавать",
      "add_site_32_": "MySQL",
      "add_site_33_": "FTP не установлен, Нажмите для установки",
      "add_site_34_": "Создать",
      "add_site_35_": "Профиль пользователя FTP",
      "add_site_36_": "Профиль пользователя базы данных",
      "add_site_37_": "Пользователь: ",
      "add_site_38_": "Пароль: ",
      "add_site_39_": "Пакетный формат: Домен{'|'}Корневая директория{'|'}FTP{'|'}База данных{'|'}Версия PHP",
      "add_site_40_": "Формат домена: домены разделяются ,",
      "add_site_41_": "Формат FTP: Введите 1 для автоматического создания, 0 для отмены создания",
      "add_site_42_": "Формат базы данных: Введите 1 для автоматического создания, 0 для отмены создания",
      "add_site_43_": "Версия PHP: Введите 0 для статической, или введите конкретную версию PHP, например, 56、71、74",
      "add_site_44_": "Один домен на строку",
      "add_site_45_": "Например, bt.cn,test.cn:8081|/www/wwwroot/bt.cn|1|1|56",
      "add_site_46_": "Пожалуйста, выберите категорию сайта"
    },
    "Proxy_": {
      "index_1_": "Цель",
      "index_2_": "Отправляемый хост",
      "index_3_": "Примечание",
      "index_4_": "Имя хоста, когда запрос перенаправляется на сервер бэкенда, обычно $http_host, если целевой URL является доменным именем, его нужно изменить на доменное имя",
      "index_5_": "Пожалуйста, введите комментарий или оставьте пустым",
      "index_6_": "Цель: вы можете заполнить сайт, который вам нужно проксировать. Если целью выбран URL-адрес, он должен быть нормально доступным URL. Если выбран UNIX, это должен быть файл сокета",
      "index_7_": "Отправляемое доменное имя: добавляет доменное имя в заголовок запроса для передачи серверу бэкенда. По умолчанию это доменное имя целевого URL. Если не настроено правильно, это может привести к невозможности правильного доступа к прокси, например:",
      "index_8_": "http://192.168.100.20:19888, тогда просто оставьте отправляемое доменное имя как $http_host",
      "index_9_": "http://www.bt.cn, тогда отправляемое доменное имя следует изменить на www.bt.cn",
      "index_10_": "Приведенные выше примеры являются только общими случаями, пожалуйста, ориентируйтесь на фактическую ситуацию",
      "index_11_": "URL-адрес",
      "index_12_": "Unix-адрес",
      "index_13_": "Диапазон портов неверен! Должен быть между 100-65535",
      "index_14_": "Пожалуйста, введите URL-адрес",
      "index_15_": "Рискованная операция, эта операция необратима. После удаления проекта [{0}] вы не сможете управлять проектом, продолжить операцию?",
      "index_16_": "После пакетного удаления выбранных элементов, элементы не будут восстановлены, продолжить операцию?",
      "index_17_": "Также удалить корневую директорию",
      "index_18_": "IP",
      "index_19_": "Конфигурация по строкам, несколько IP-адресов, пожалуйста, разделяйте новой строкой",
      "index_20_": "Пожалуйста, введите IP-адрес",
      "index_21_": "Добавить IP в черный список",
      "index_22_": "Добавить IP в белый список",
      "index_23_": "Вы уверены, что хотите удалить этот IP?",
      "index_24_": "Переключатель кэша",
      "index_25_": "Время кэширования",
      "index_26_": "Пожалуйста, введите время кэширования",
      "index_27_": "Очистить кэш",
      "index_28_": "Кэширование - это технология, используемая для ускорения производительности веб-сайта и улучшения пользовательского опыта",
      "index_29_": "Ресурсы будут кэшироваться при включении, выключите, если это влияет на доступ к сайту",
      "index_30_": "Ключ кэша состоит из имени хоста, URI и параметров запроса",
      "index_31_": "Заголовки ответов, которые игнорируются по умолчанию: Set-Cookie{'|'}Cache-Control{'|'}expires{'|'}X-Accel-Expires",
      "index_32_": "Статические ресурсы, кэшируемые по умолчанию: ",
      "index_33_": "После очистки будет удален кэш сайта, содержащий все URL-адреса, продолжить?",
      "index_34_": "Сжатый контент",
      "index_35_": "Тип сжатия",
      "index_36_": "Уровень сжатия",
      "index_37_": "Минимальная длина",
      "index_38_": "Используется для сжатия содержимого HTTP-ответов, чтобы уменьшить объем передаваемых данных и улучшить производительность и скорость загрузки сайта",
      "index_39_": "Уровень сжатия 1-9, например, 1 - самая быстрая скорость сжатия, но низкий коэффициент сжатия; 9 - самая медленная скорость сжатия, но высокий коэффициент сжатия, рекомендуется использовать по умолчанию",
      "index_40_": "Если gzip включен и это влияет на нормальный доступ к веб-сайту, пожалуйста, отключите эту функцию и параметры запроса",
      "index_41_": "Пожалуйста, введите",
      "index_42_": "Введите путь: /text/，/test/api",
      "index_43_": "После защиты пути вам нужно будет ввести учетную запись и пароль для доступа",
      "index_44_": "Например, если я установлю защищенную директорию /test/, то мне нужно будет ввести учетную запись и пароль для доступа к http://aaa.com/test/",
      "index_45_": "Добавить HTTP-аутентификацию",
      "index_46_": "После настройки вам нужно будет ввести пароль для доступа",
      "index_47_": "Например, если я установлю ограниченный путь /test/, то мне нужно будет ввести учетную запись и пароль для доступа к http://aaa.com/test/",
      "index_48_": "Удалить HTTP-аутентификацию",
      "index_49_": "Вы уверены, что хотите удалить эту HTTP-аутентификацию?",
      "index_50_": "Редактировать HTTP-аутентификацию",
      "index_51_": "Журналы",
      "index_52_": "Журнал посещений",
      "index_53_": "Адрес получения",
      "index_54_": "По умолчанию",
      "index_55_": "Без журналирования",
      "index_56_": "Указать журнал",
      "index_57_": "Отправить на удаленный сервер",
      "index_58_": "Поддержка Websocket",
      "index_59_": "Доменное имя не может быть пустым",
      "index_60_": "Не удалось получить",
      "index_61_": "Сжато",
      "index_62_": "Черный список",
      "index_63_": "Белый список",
      "index_64_": "HTTP-аутентификация",
      "index_65_": "Websocket",
      "index_66_": "Основной файл конфигурации",
      "index_67_": "Пользовательские файлы конфигурации",
      "index_68_": "Выберите блок конфигурации: ",
      "index_69_": "Пожалуйста, проверьте правильность введенного файла конфигурации перед сохранением, неправильная конфигурация может привести к аномальному доступу к сайту",
      "index_70_": "Если вы не знакомы с этой конфигурацией, не добавляйте пользовательскую конфигурацию!",
      "index_71_": "Официальная документация по конфигурации nginx для блока server: ",
      "index_72_": "нажмите, чтобы перейти",
      "index_73_": "Основной файл конфигурации не разрешено изменять, если вам нужно настроить конфигурацию, пожалуйста, перейдите к пользовательскому файлу конфигурации выше.",
      "index_74_": "Корневую директорию нельзя удалить",
      "index_75_": "Имя хоста, когда запрос перенаправляется на сервер бэкенда, обычно $http_host, если целевой URL является доменным именем, его нужно изменить на доменное имя",
      "index_76_": "Цель: вы можете заполнить сайт, который вам нужно проксировать. Если целью выбран URL-адрес, он должен быть нормально доступным URL. Если выбран UNIX, это должен быть файл сокета",
      "index_77_": "Отправляемое доменное имя: добавляет доменное имя в заголовок запроса для передачи серверу бэкенда. По умолчанию это доменное имя целевого URL. Если не настроено правильно, это может привести к невозможности правильного доступа к прокси, например:",
      "index_78_": "http://192.168.100.20:19888, тогда просто оставьте отправляемое доменное имя как $http_host",
      "index_79_": "http://www.bt.cn, тогда отправляемое доменное имя следует изменить на www.bt.cn",
      "index_80_": "Приведенные выше примеры являются только общими случаями, пожалуйста, ориентируйтесь на фактическую ситуацию",
      "index_81_": "Добавить замену содержимого",
      "index_82_": "Добавить проект обратного прокси"
    },
    "Cert_": {
      "Save_": "Сохранить",
      "Switch_": "Переключить",
      "SaveTemplate_": "Сохранить как шаблон",
      "Add_": "Добавить",
      "TipsText_": "Подсказки",
      "Tips_": "Подсказка: На сайте отсутствует SSL-сертификат, доступ может быть небезопасным.",
      "Nginx_": "Apache в Nginx",
      "ApplyBtn_": "Применить SSL",
      "Menu1_": "Текущий, другой сертификат",
      "Menu2_": "Коммерческий сертификат",
      "Menu3_": "Let's Encrypt",
      "Menu4_": "Держатель сертификата",
      "Type_": "Тип сертификата",
      "TypeName_": { "0_": "Другой сертификат", "1_": "Сертификат aaPanel" },
      "Brand_": "Бренд сертификата",
      "Domain_": "Домен(ы) сертификата",
      "Expire_": "Дата истечения",
      "Expired_": "Истек",
      "ExpiredDate_": "{date}, Истекает через {days} дней",
      "ForceHttps_": "Принудительный HTTPS",
      "PrivateKey_": "Закрытый ключ (KEY)",
      "Certificate_": "Сертификат (CRT/PEM)",
      "SaveAndEnableBtn_": "Сохранить и включить SSL",
      "RenewalBtn_": "Обновить SSL",
      "DownloadBtn_": "Скачать SSL",
      "DisableBtn_": "Отключить SSL",
      "DelSite_": "Удалить сайт",
      "BathDelSite_": "Удаление сайтов пакетно",
      "Modification_": "Изменение сайта",
      "Added_": "Время добавления",
      "CurrentTips_": {
        "0_": "Вставьте содержимое KEY и CRT, а затем сохраните.",
        "1_": "Если браузер сообщает, что цепочка сертификатов неполная, проверьте правильность склейки сертификата PEM.",
        "2_": "Сертификат формата PEM = сертификат доменного имени .crt + корневой сертификат (root_bundle).crt.",
        "3_": "Когда не указан сайт по умолчанию для SSL, сайт без SSL будет использовать HTTPS для доступа к сайту с включенным SSL.",
        "4_": "Если вы не можете получить доступ по HTTPS после его включения, проверьте, правильно ли открыт порт 443 в группе безопасности."
      },
      "SaveErrorMsg_": "Пожалуйста, заполните полное содержание сертификата",
      "SaveConfirm_": {
        "Title_": "Подтверждение сохранения сертификата",
        "Content_": "Если текущее содержимое сертификата изменится, информация о сертификате будет обновлена. Продолжить?"
      },
      "ForceHttpsConfirm_": {
        "Title_": "Отключить принудительный HTTPS",
        "Content_": "После отключения принудительного HTTPS вам нужно очистить кэш браузера, чтобы увидеть эффект. Хотите продолжить?"
      },
      "StatusConfirm_": {
        "Start_": "Собираетесь включить этот сайт, вы уверены, что хотите продолжить?",
        "Stop_": "При выключении сайта доступ будет невозможен, вы уверены, что хотите продолжить?"
      },
      "VerificationMode_": "Режим проверки",
      "FileVerification_": "Проверка файлом",
      "DnsVerification_": "Проверка DNS (Поддержка подстановочных знаков)",
      "SelectDNS_": "Выберите DNS API",
      "Automatically_": "Автоматически объединять пан-домены",
      "LetFileTips_": {
        "0_": "Пожалуйста, проверьте разрешение домена перед подачей заявки, неразрешенный домен приводит к неудаче проверки.",
        "1_": "Сертификат действителен 3 месяца, поддерживает подстановочные домены. По умолчанию автоматическое обновление.",
        "2_": "Если вы используете CDN или перенаправление, вы не сможете подать заявку и обновить через проверку файлом.",
        "3_": "Когда вы не указываете сайт по умолчанию для SSL, если вы используете HTTPS для доступа к сайту без включенного SSL, вы будете напрямую получать доступ к сайту с включенным SSL."
      },
      "LetDnsTips_": {
        "0_": "При проверке DNS мы предоставляем три автоматизированных DNS API и предоставляем ручной режим.",
        "1_": "Сертификат может быть автоматически обновлен с использованием DNS API. В ручном режиме сертификат нужно повторно запрашивать после истечения срока действия.",
        "2_": "Перед использованием API [aaPanel DNS Cloud Resolution] вам нужно подтвердить, что DNS домена, для которого вы хотите подать заявку на SSL-сертификат, является [Cloud Resolution].",
        "3_": "Перед использованием API [DNSPod/Ali Cloud DNS] вам нужно установить ключ API соответствующего интерфейса во всплывающем окне."
      },
      "HolderTable_": { "Domain_": "Доменное имя", "Brand_": "Бренд" },
      "DelHolder_": {
        "Title_": "Удалить сертификат",
        "Content_": "Вы уверены, что хотите удалить сертификат из держателя сертификатов?"
      },
      "index_1_": "Успешно скопировано",
      "index_2_": "Ошибка копирования",
      "index_3_": "Размер журнала",
      "index_4_": "Поддерживается только для серверов nginx,",
      "index_5_": "Добавить прокси",
      "index_6_": "Удалить проект",
      "index_7_": "Пакетное удаление элементов",
      "index_8_": "После пакетного удаления выбранных элементов, элементы не будут восстановлены, продолжить операцию?"
    },
    "Config_": {
      "Manager_": "Менеджер доменов",
      "Setting_": "Настройки Wordpress",
      "Subdirectory_": "Привязка поддиректории",
      "Directory_": "Директория сайта",
      "Limit_": "Ограничение доступа",
      "Traffic_": "Контроль трафика",
      "URL_": "Перезапись URL",
      "ProxyURL_": "Прокси URL",
      "Indexes_": "Индексы по умолчанию",
      "Conf_": "Конфигурация",
      "SSL_": "SSL",
      "PHPversion_": "Версия PHP",
      "Security_": "Безопасность",
      "Deny_": "Запретить доступ",
      "File_": "Файл конфигурации",
      "Setup_": "Базовая настройка",
      "Plugin_": "Плагин",
      "Theme_": "Тема",
      "Sets_": "Наборы WP",
      "Composer_": "Composer",
      "Redirect_": "Перенаправление",
      "Replacement_": "Замена",
      "Proxy_": "Обратный прокси",
      "Hotlink_": "Защита от хотлинкинга",
      "Response_": "Журнал ответов",
      "Back_": {
        "Title_": "Резервное копирование пакета",
        "Text_": "Резервное копирование",
        "ShowLog_": "Восстановление резервной копии",
        "BlackTitle_": "Восстановить файл резервной копии",
        "BlackContent_": "Будут восстановлены файлы сайта и база данных, продолжить?"
      },
      "Domain_": {
        "TopTips_": {
          "0_": "Один домен на строку, порт по умолчанию 80",
          "1_": "Формат подстановочного домена: *.domain.com",
          "2_": "Чтобы добавить другой порт, формат: www.domain.com:88"
        }
      },
      "DirectoryConf_": {
        "Subdir_": "Поддиректория",
        "Content_": "Вы уверены, что хотите создать независимое правило перезаписи URL для этой поддиректории?",
        "Content1_": "Вы уверены, что хотите удалить эту привязку поддиректории {0}?",
        "Content2_": "Конвертер правил перезаписи: ",
        "Tips_": {
          "0_": "Пожалуйста, выберите ваше приложение.",
          "1_": "Если сайт недоступен после установки правил перезаписи, попробуйте сбросить на значения по умолчанию.",
          "2_": "Вы можете изменять правила перезаписи, просто сохраните их после модификации."
        }
      },
      "SiteDirectory_": {
        "Content_": "Некоторым программам нужно указать вторичную директорию в качестве рабочей директории",
        "Content1_": "Выберите вашу рабочую директорию и нажмите Сохранить, например, ThinkPHP5, Laravel",
        "Content2_": "(Ограничение базовой директории) (open basedir)"
      },
      "LimitAccess_": {
        "Add_": "Add limit access",
        "Edit_": "Edit limit access",
        "Tips_": {
          "0_": "After setting, you need to enter the password to access it.",
          "1_": "For example, if I set the limit path /test/, then I need to enter the account password to access http://aaa.com/test/",
          "2_": "Suffix: Indicates the suffix that is not allowed to access, if there are more than one, separate with",
          "3_": "Path: Quote rules in this directory. e.g: /a/",
          "4_": "For Example, if you want to deny http://test.com/a/index.php",
          "5_": "Please fill in [ /a/ ]"
        }
      },
      "TrafficCofig_": {
        "Tips_": {
          "0_": "Turn on traffic control",
          "1_": "* Limit of max concurrency",
          "2_": "* Limit of single IP accessing max concurrency",
          "3_": "* Limit the max traffic limit per request (unit: KB)"
        }
      },
      "RewriteConfig_": {
        "Rule_": "Rewrite rule converter",
        "Tips_": {
          "0_": "Please select your application.",
          "1_": "If the site cannot be accessed after the rewrite rules set, please try to reset to default.",
          "2_": "You are able to modify rewrite rules, just save it after modification."
        }
      },
      "ConfConfig_": {
        "Tips_": {
          "0_": "This is primary configuration file of the site.",
          "1_": "Do not modify it at will if you do not know configuration rules."
        }
      },
      "PHP_": {
        "SessionI_": "Session isolation",
        "Tips_": {
          "0_": "Select the version according to your program requirements",
          "1_": "Try not to use PHP5.2 unless you have to, as this can reduce your server security",
          "2_": "PHP7 does not support the MySQL extension. The default installation is mysqli and mysql-pdo",
          "3_": "[Customize] You can customize the PHP connection information by selecting the available PHP connection configuration",
          "4_": "[Customize] Currently only support NGINX",
          "5_": "Support TCP or UNIX configuration. Example: 192.168.1.25:9001 or unix:/tmp/php8.sock",
          "6_": "When enabled, session files will be stored in a separate folder, not in a common storage location with other sites",
          "7_": "Do not enable this option if you are saving sessions to caches such as memcache/redis in your PHP configuration"
        }
      },
      "RedirectConfig_": {
        "Add_": "Add redirection",
        "Create_": "Create redirection",
        "Modify_": "Modify redirection",
        "Edit_": "Edit profile",
        "Tips_": {
          "0_": "Type: The domain name selected or the path entered will be redirected to the specified URL",
          "1_": "Target URL: Fill in the URL address you need to redirect to",
          "2_": "Mode: use 301 for permanent redirection and 302 for temporary redirection",
          "3_": "Keep URI parameters: Whether the redirected URL has the sub-path or parameters of the source URL",
          "4_": "Keep URI parameters: http://b.com/1.html ---> http://a.com/1.html",
          "5_": "NOT Keep URI parameters: http://b.com/1.html ---> http://a.com",
          "6_": "This is the configuration file of the load balancing. Not modify if you do not understand the configuration rules.",
          "7_": "After setting a domain redirect, the 404 redirect for that domain will be invalidated"
        }
      },
      "ProxyConfig_": {
        "Add_": "Add reverse proxy",
        "Create_": "Create reverse proxy",
        "Replacement_": "Add content replacement",
        "Tips_": {
          "0_": "Proxy dir: When accessing this dir, the content of the target URL will be displayed (Advanced Needs)",
          "1_": "Target URL:Fill in the website you need to proxy, the target URL must be an accessible URL",
          "2_": "Sent Domain: Add the domain name to the request header and pass it to the proxy server",
          "3_": "Content replacement: Nginx exclusive, replace the content of the website with the specified content"
        },
        "index_1_": "Add URL Proxy",
        "index_2_": "URL Proxy Setting"
      },
      "HotlinkConfig_": {
        "Protection_": "Enable hotlink protection",
        "HTTP_": "Allow empty HTTP_REFERER requests",
        "Tips_": {
          "0_": "By default, resources are allowed to be accessed directly,",
          "1_": "i.e, requests with empty HTTP_REFERER are not restricted.",
          "2_": "Multiple URL suffixes and domains should be separated by comma (,), such as png,jpeg,zip,js",
          "3_": "When hotlink protection is triggered, the 404 status is returned directly"
        }
      },
      "LogsConfig_": {
        "Access_": "Access log",
        "Error_": "Error log",
        "Security_": "Log Security Analysis",
        "Details_": "log details",
        "Scan_": "Log scan",
        "ScanTitle_": "Scan website logs",
        "ScanContent_": "It is recommended to perform security analysis when the server load is low. This time, the",
        "ScanContent1_": "file will be scanned. It may take a long time. Do you want to continue?",
        "Complete_": "Scan complete",
        "Tips_": {
          "0_": "Log analysis: Scan the logs(/www/wwwroot/.log) for requests with attack (types include:",
          "1_": "xss,sql,san,php",
          "2_": "Analyzed log data contains intercepted requests",
          "3_": "By default, the last scan data is displayed (if not, please click log scan)",
          "4_": "If the log file is too large, scanning may take a long time, please be patient",
          "5_": "aaPanel WAF",
          "6_": "can effectively block such attacks",
          "7_": "Scanning, scanning progress..."
        }
      }
    },
    "DelSite_": {
      "ContentText1_": "Это удалит выбранный профиль веб-сайта.",
      "ContentText2_": "Если флажок ниже отмечен, соответствующее содержимое будет удалено",
      "ContentText3_": "Дважды проверьте информацию, удалить сайт",
      "ContentText4_": "Дважды проверьте информацию и удалите сайты пакетно",
      "ContentText5_": "Результат не может быть пустым",
      "ContentText6_": "Вычисление неверно",
      "ContentText7_": "Пожалуйста, успокойтесь на несколько секунд и подтвердите следующие данные для удаления.",
      "ContentText8_": "Примечание: Эта директория может содержать важные данные. Будьте осторожны при выполнении этой операции.",
      "ContentText9_": "Примечание: Этот сайт создан ранее и может содержать важные данные. Будьте осторожны при выполнении этой операции.",
      "ContentText10_": "Примечание: Эта база данных большая и может содержать важные данные. Будьте осторожны при выполнении этой операции.",
      "ContentText11_": "Примечание: Этот сайт создан ранее и может содержать важные данные. Будьте осторожны при выполнении этой операции.",
      "ContentText12_": "Риски: Функция корзины базы данных в настоящее время не включена. После удаления базы данных она исчезнет навсегда!",
      "ContentText13_": "Риск: Функция корзины файлов в настоящее время отключена. После удаления директории сайта она исчезнет навсегда!",
      "ContentText14_": "Пожалуйста, внимательно прочитайте вышеуказанную информацию для удаления, чтобы предотвратить случайное удаление данных сайта. Подтвердите, что осталось еще",
      "ContentText15_": "Примечание: пожалуйста, внимательно прочитайте вышеуказанную информацию, чтобы предотвратить случайное удаление данных сайта",
      "ContentText16_": "Подтвердить удаление",
      "ContentText17_": "Подтвердить удаление (продолжить операцию через {0} секунд)",
      "Second_": "секунд осталось до удаления.",
      "Path_": "Путь",
      "Site_": "Сайт",
      "Directory_": "Директория",
      "Create_": "Создать",
      "Time_": "Время",
      "DB_": "БД",
      "Size_": "Размер",
      "More50_": "Более 50 МБ ",
      "FTP_": "FTP",
      "Database_": "База данных",
      "Result_": "Результат",
      "DelSiteResult_": "Результаты пакетного удаления сайта"
    },
    "Batch_": {
      "EnableWeb_": {
        "Label_": "Включить веб-сайт",
        "Title_": "Пакетное включение веб-сайта",
        "Content_": "Будьте осторожны, выбранный элемент будет [Включен веб-сайт] после подтверждения"
      },
      "DisableWeb_": {
        "Label_": "Отключить веб-сайт",
        "Title_": "Пакетное отключение веб-сайта",
        "Content_": "Будьте осторожны, выбранный элемент будет [Отключен веб-сайт] после подтверждения"
      },
      "BackupWeb_": {
        "Label_": "Резервное копирование веб-сайта",
        "Title_": "Пакетное резервное копирование веб-сайта",
        "Content_": "Будьте осторожны, выбранный элемент будет [Резервное копирование веб-сайта] после подтверждения"
      },
      "DeleteWeb_": {
        "Label_": "Удалить веб-сайт",
        "Label1_": "Пожалуйста, выберите для удаления",
        "Label2_": "Пакетное удаление",
        "Content_": "Будьте осторожны, выбранный элемент будет [удален] после подтверждения"
      },
      "DeleteDomain_": {
        "Label_": "Удалить",
        "Title_": "Удалить домен",
        "Content_": "Вы уверены, что хотите удалить это доменное имя?",
        "Content1_": "Вы уверены, что хотите удалить эту директорию?"
      },
      "DeleteRedirection_": {
        "Label_": "Удалить перенаправление",
        "Content_": "Вы уверены, что хотите удалить перенаправление?"
      },
      "DeleteProxy_": {
        "Label_": "Удалить обратный прокси",
        "Content_": "Вы уверены, что хотите удалить из списка?",
        "Content1_": "Вы действительно хотите удалить обратный прокси"
      },
      "DeleteBlack_": {
        "Label_": "Удалить файл резервной копии",
        "Content_": "Резервная копия веб-сайта будет удалена",
        "Content1_": "вы хотите продолжить?"
      }
    },
    "TableRow_": {
      "SiteName_": "Имя сайта",
      "Name_": "Имя",
      "Version_": "Версия",
      "XSS_": "XSS",
      "SQL_": "SQL",
      "Scan_": "Сканирование",
      "IPTop_": "IP (топ 100)",
      "URLTop_": "URL (топ 100)",
      "Redirected_": "Перенаправлено",
      "RedirectsTo_": "Перенаправлено на",
      "Type_": "Тип",
      "Mode_": "Режим",
      "KeepUP_": "Сохранить параметры URI",
      "Status_": "Статус",
      "Path_": "Путь",
      "Port_": "Порт",
      "ProxyDir_": "Директория прокси",
      "Suffix_": "Суффикс",
      "Domain_": "Доменное имя",
      "BackUp_": "Резервное копирование",
      "Catalog_": "Каталог прокси",
      "FileName_": "Имя файла",
      "FileSize_": "Размер файла",
      "BackupTime_": "Время резервного копирования",
      "Info_": "Информация",
      "Root_": "Корневая директория",
      "PHP_": "PHP",
      "Parameters_": "Параметры",
      "Extra_": "Дополнительные команды",
      "SSL_": "SSL",
      "Operation_": "Операция",
      "WAF_": "WAF",
      "ProxyAddress_": "Адрес прокси",
      "OPT_": "ОПТ",
      "ProxyPath_": "Путь прокси"
    },
    "TableOP_": {
      "Login_": "Вход",
      "Conf_": "Конфигурация",
      "Set_": "Настроить",
      "Restore_": "Восстановить",
      "Download_": "Скачать",
      "Delete_": "Удалить",
      "Del_": "Удалить",
      "Edit_": "Редактировать",
      "Migrate_": "Мигрировать",
      "Inoperable_": "Неработоспособно",
      "Rewrite_": "Перезапись URL"
    },
    "Lable_": {
      "Domain_": "Домен",
      "SiteDirectory_": "Директория сайта",
      "RunningDirectory_": "Рабочая директория",
      "AntiXSS_": "Защита от XSS-атак",
      "WriteAL_": "Записывать журнал доступа",
      "Suffix_": "Суффикс URL",
      "Access_": "Доступ к домену",
      "Install_": "Установить",
      "Update_": "Обновить",
      "Official_": "Официальный (packagist.org)",
      "Recommend_": "www (рекомендуется)",
      "Root_": "root (не рекомендуется)",
      "Execute_": "Выполнить",
      "Auto_": "Авто",
      "Response_": "Ответ",
      "PasswordAccess_": "Доступ по паролю",
      "Alternative_": "Альтернативное слово",
      "Rule_": "Правило",
      "Authorized_": "Авторизованная учетная запись",
      "RepeatPassword_": "Повторите пароль",
      "Original_": "Исходное ключевое слово",
      "WebTitle_": "Заголовок веб-сайта",
      "Language_": "Язык",
      "PHPVersion_": "Версия PHP",
      "WPVersion_": "Версия WP",
      "UserName_": "Имя пользователя",
      "User_": "Пользователь",
      "Dir_": "Директория",
      "Password_": "Пароль",
      "Email_": "Email",
      "Prefix_": "Префикс",
      "Redirect_": "Путь перенаправления",
      "Cache_": "Кэш",
      "Source_": "Источник",
      "Target_": "Целевой URL",
      "Enable_": "Включить",
      "EnableProxy_": "Включить прокси",
      "EnableCache_": "Включить кэш",
      "Advanced_": "Расширенные функции",
      "Sent_": "Отправленный домен",
      "ContentReplace_": "Замена содержимого",
      "ProxyName_": "Имя прокси",
      "CacheTime_": "Время кэширования",
      "Limit_": "План ограничения",
      "Concurrency_": "Лимит параллельных подключений",
      "Connection_": "Тайм-аут соединения",
      "Backend_": "Тайм-аут запроса к бэкенду",
      "Proxy_": "Тайм-аут ответа прокси",
      "BlockIP_": "Блокировать отдельный IP"
    },
    "Placeholder_": {
      "Domain_": "Доменное имя вашего веб-сайта",
      "WebTitle_": "Заголовок сайта для WordPress",
      "UserName_": "Пользователь панели управления WordPress",
      "Password_": "Пароль панели управления WordPress",
      "Email_": "Ваш email адрес",
      "Prefix_": "Префикс имени таблицы WordPress",
      "Login_": "Ваш URL для входа",
      "Redirection_": "Ваш URL перенаправления",
      "Source_": "Исходный текст",
      "Replace_": "Заменить на, может быть пустым",
      "Index_1_": "Имя правила",
      "Index_2_": "Суффиксы, которые не разрешены",
      "Index_3_": "Цитировать правила в этой директории. Например: /a/",
      "Index_4_": "Пожалуйста, введите имя",
      "Index_5_": "Пожалуйста, введите путь",
      "Index_6_": "Пожалуйста, введите имя пользователя",
      "Index_7_": "Пожалуйста, оставьте пустым, если не изменено",
      "Index_8_": "Пожалуйста, введите пароль",
      "Index_9_": "Пожалуйста, введите путь прокси. Пример: /web",
      "Index_10_": "Пожалуйста, введите",
      "Index_11_": "Домен или примечание"
    },
    "RulesError_": {
      "Domain_": "Пример: aapanel.com",
      "Subdirectory_": "Имя поддиректории не может быть пустым",
      "WebTitle_": "Заголовок сайта WordPress не может быть пустым",
      "Language_": "Пожалуйста, выберите язык",
      "PHPVersion_": "Пожалуйста, выберите версию PHP",
      "WPVersion_": "Пожалуйста, выберите версию WP",
      "UserName_": "Пользователь панели управления WordPress не может быть пустым",
      "Password_": "Пароль панели управления WordPress не может быть пустым",
      "Email_": "Адрес электронной почты не может быть пустым",
      "Prefix_": "Префикс имени таблицы WordPress не может быть пустым",
      "Login_": "URL для входа не может быть пустым",
      "Redirection_": "URL перенаправления не может быть пустым",
      "Directory_": "Пожалуйста, выберите веб-директорию",
      "OriginalPath_": "Такой же, как исходный путь, не нужно менять!",
      "RuntimeDirectory_": "Пожалуйста, выберите рабочую директорию",
      "Name_": "Пожалуйста, введите имя!",
      "Path_": "Пожалуйста, введите путь!",
      "UserName1_": "Пожалуйста, введите имя пользователя!",
      "UserName2_": "Имя пользователя не может быть короче 3 символов!",
      "Password1_": "Пожалуйста, введите пароль!",
      "Password2_": "Пожалуйста, повторите пароль!",
      "Password3_": "Введенные пароли не совпадают!",
      "Concurrency_": "Пожалуйста, введите лимит параллельных подключений",
      "SingleIP_": "Пожалуйста, введите лимит для одного IP",
      "Traffic_": "Пожалуйста, введите ограничение трафика",
      "Template_": "Пожалуйста, введите имя шаблона",
      "PHP_": "Пожалуйста, выберите версию PHP",
      "RedirectedDomain_": "Пожалуйста, выберите перенаправляемый домен",
      "RedirectedPath_": "Пожалуйста, введите путь перенаправления",
      "RedirectedUrl_": "Пожалуйста, введите целевой URL",
      "ProxyName_": "Пожалуйста, введите имя прокси",
      "CacheTime_": "Пожалуйста, введите время кэширования",
      "ProxyDir_": "Пожалуйста, введите директорию прокси",
      "Sent_": "Пожалуйста, введите отправляемый домен",
      "Suffix_": "Суффикс URL не может быть пустым!",
      "AntiTheft_": "Домен защиты от хотлинкинга не может быть пустым!",
      "Index_1_": "Домен не может быть пустым",
      "Index_2_": "Имя поддиректории не может быть пустым",
      "Index_3_": "Пожалуйста, введите каталог прокси"
    },
    "Api_": {
      "Index_1_": "Развертывание WordPress, пожалуйста, подождите...",
      "Index_2_": "Сохранение, пожалуйста, подождите...",
      "Index_3_": "Обновление версии WordPress, пожалуйста, подождите...",
      "Index_4_": "Включение",
      "Index_5_": "Выключение",
      "Index_6_": "кэша, пожалуйста, подождите...",
      "Index_7_": "Очистка всех кэшей, пожалуйста, подождите...",
      "Index_8_": "Сброс пароля, пожалуйста, подождите...",
      "Index_9_": "Отправка, пожалуйста, подождите...",
      "Index_10_": "Получение, пожалуйста, подождите...",
      "Index_11_": "Удаление проекта Node, пожалуйста, подождите..."
    },
    "Tips_": {
      "index_1_": "Примечание: Для построчной конфигурации, пожалуйста, заканчивайте каждую строку символом ;",
      "index_2_": "Пример:",
      "index_3_": "Пожалуйста, проверьте правильность конфигурации перед сохранением, неправильная конфигурация может привести к невозможности нормального доступа к обратному прокси",
      "index_4_": "Запрос перенаправления: return 301 /new-page;",
      "index_5_": "Перезапись URL: rewrite ^/blog/(. *)$ /$1 break;",
      "index_6_": "Ограничение загрузки файлов: client_max_body_size 10M;",
      "index_7_": "Обработка конкретных http-методов:",
      "index_8_": "limit_except POST ",
      "index_9_": "allow 192.168.1.0/24;",
      "index_10_": "deny all;",
      "index_11_": "Ограничение скорости запросов: limit_rate 100k;",
      "index_12_": "Без учета регистра",
      "index_13_": "Заменить только первое вхождение",
      "index_14_": "Регулярное выражение",
      "index_15_": "Эффект по умолчанию: Заменить все 'http://www.aapanel.com' на 'https://www.aapanel.com'.",
      "index_16_": "Глобальный websocket включен и не может быть отключен индивидуально",
      "index_17_": "Удалить проект обратного прокси"
    }
  }
}
