{
  "Waf_": {
    "Overview_": {
      "index_1_": "Запросы сегодня",
      "index_2_": "Вредоносные запросы",
      "index_3_": "График фильтрации трафика",
      "index_4_": "После фильтрации",
      "index_5_": "Всего запросов",
      "index_6_": "Время: {0} {1}",
      "index_7_1_": "Ошибка 499: {0}",
      "index_7_2_": "Ошибка 502: {1}",
      "index_8_": "Автоматическое обновление каждые {0} секунд",
      "index_9_": "Количество изолированных троянов",
      "index_10_": "Незащищенный веб-сайт",
      "index_11_": "Активация одним кликом",
      "index_12_": "Просмотр деталей",
      "index_13_": "Возможно неправильное правило защиты CC",
      "index_14_": "Детали изолированных троянов",
      "index_15_": "Детали незащищенного веб-сайта",
      "index_16_": "Детали возможно неправильного правила защиты CC",
      "index_17_": "Имя файла",
      "index_18_": "Имя сайта",
      "index_19_": "Статус",
      "index_20_": "Детали",
      "index_21_": "Реальное QPS: {0}/с",
      "index_22_": "Время: {0}",
      "index_23_": "Карта перехватов (сегодня)",
      "index_24_": "Низкий",
      "index_25_": "Высокий",
      "index_26_": "Количество атак: {0}",
      "index_27_": "IP атаки",
      "index_28_": "Количество атак",
      "index_29_": "Расположение IP",
      "index_30_": "Отчет о блокировках за сегодня >>",
      "index_31_": "Тип блокировки (сегодня)",
      "index_32_": "Блок. сегодня",
      "index_33_": "{0}\n{1}/Элемент, {2}%"
    },
    "Site_": {
      "index_1_": "Перехватывать доступ с известных вредоносных IP aaPanel",
      "index_2_": "Пожалуйста, введите имя сайта",
      "index_3_": "Опция CDN: После включения CDN для веб-сайта, кнопка CDN должна быть включена. В противном случае IP-адреса узлов CDN будут перехвачены. Для получения подробной информации обратитесь к руководству.",
      "index_4_": "По умолчанию экспортируется все. Если вы хотите экспортировать один сайт или определенные сайты, сначала отметьте сайты, а затем экспортируйте.",
      "index_5_": "Всего перехватов [{0}]",
      "index_6_": "Журнал перехватов [{0}]",
      "index_7_": "Пока нет журналов сайта",
      "index_8_": "Сайт",
      "index_9_": "Всего перехватов",
      "index_10_": "Интеллектуальная защита CC автоматически определит, есть ли высокая нагрузка или медленный ответ. При обнаружении аномалии будет включена проверка человек-машина для защиты.",
      "index_11_": "Защита CC",
      "index_12_": "Статус",
      "index_13_": "Журнал",
      "index_14_": "Конфигурация",
      "index_15_": "Тип",
      "index_16_": "Количество перехватов",
      "index_17_": "Выберите дату:",
      "index_18_": "Фильтрация IP:",
      "index_19_": "Поддерживаются IP-адреса, разделенные запятыми. Поддерживается поиск диапазонов IP, например, 192.168.1.*",
      "index_20_": "Поиск",
      "index_21_": "Расширенный поиск",
      "index_22_": "Фильтрация URL",
      "index_23_": "Поддерживаются URL-адреса, разделенные запятыми.",
      "index_24_": "Пожалуйста, введите UserAgent",
      "index_26_": "Время начала",
      "index_27_": "IP пользователя",
      "index_28_": "URL-адрес",
      "index_29_": "Перехвачено",
      "index_30_": "Расположение IP",
      "index_31_": "Внутренний адрес",
      "index_32_": "Фильтр",
      "index_33_": "Белый URL",
      "index_34_": "Детали",
      "index_35_": "раз",
      "index_36_": "Поддельный паук",
      "index_37_": "Перехват поддельных IP-адресов пауков",
      "index_38_": "Использование CDN",
      "index_39_": "CDN: Переключатель для получения IP-адресов, когда веб-сайт включает CDN.",
      "index_40_": "Интеллектуальная защита CC",
      "index_41_": "В соответствии с условиями нагрузки веб-сайта и историческими данными доступа, автоматически анализирует, происходит ли атака. Автоматически корректирует стратегии защиты в зависимости от влияния, тем самым уменьшая влияние на бизнес.",
      "index_42_": "Количество перехватов: {0} раз",
      "Config_": {
        "index_1_": "Переключатель брандмауэра веб-сайта",
        "index_2_": "Примечание: Большинство настроек здесь применяются только к текущему сайту!",
        "index_3_": "Имя",
        "index_4_": "Описание",
        "index_5_": "Статус",
        "index_6_": "Максимальная защита от вторжений, которая может повлиять на нормальные запросы, такие как платежи и API. Разрешен только веб-доступ; другие действия будут перехвачены. Рекомендуется включать это только во время учений по защите от атак!",
        "index_7_": "Правило",
        "index_8_": "Запрос одного и того же URI более {index2} раз за {index1} секунду, Блокировка IP на {index3} секунд.",
        "index_9_": "Если отключено сканирование пауком, веб-сайт не будет сканироваться!",
        "index_10_": "Примечание: Отключение может повлиять на ввод данных.",
        "index_11_": "Режим",
        "index_12_": "После включения при доступе к веб-сайту появится механизм CAPTCHA, требующий ручной проверки для продолжения. Рекомендуется включать это во время атак CC.",
        "index_13_": "Тип запроса",
        "index_14_": "Время доступа",
        "index_15_": "Секунды",
        "index_16_": "Количество доступов",
        "index_17_": "Раз",
        "index_18_": "Время блокировки",
        "index_19_": "Защита CC для URL",
        "index_20_": "Региональная проверка",
        "index_21_": "`Пожалуйста, выберите регион`",
        "index_22_": "Метод проверки",
        "index_23_": "Проверка CAPTCHA: Если на сайте включен CDN, рекомендуется не использовать это.",
        "index_24_": "Настройки здесь применяются только к текущему сайту.",
        "index_29_": "Пожалуйста, не устанавливайте слишком строгие правила CC, чтобы избежать влияния на нормальный пользовательский опыт.",
        "index_34_": "Пожалуйста, введите время доступа.",
        "index_35_": "Рекомендуемое значение - целое число больше 30.",
        "index_36_": "Пожалуйста, введите количество доступов.",
        "index_37_": "Пожалуйста, введите время блокировки.",
        "index_38_": "Стандартный режим",
        "index_39_": "Усиленный режим",
        "index_40_": "Свободный",
        "index_41_": "Стандарт (Рекомендуется)",
        "index_42_": "Строгий",
        "index_43_": "Супер строгий",
        "index_44_": "Включить",
        "index_45_": "Отключить",
        "index_46_": "Браузер",
        "index_47_": "Перенаправление",
        "index_48_": "Код",
        "index_49_": "Капча",
        "index_50_": "Слайд",
        "index_51_": "Текущая панель не может включить проверку CAPTCHA и слайд-проверку.",
        "index_52_": "Настройка конфигурации CC {0}, пожалуйста, подождите...",
        "index_53_": "Количество атак",
        "index_56_": "Пожалуйста, введите количество атак.",
        "index_57_": "Глобальное применение",
        "index_58_": "Глобальные настройки для текущего перехвата количества атак, охватывающие все сайты. Вы хотите продолжить?",
        "index_59_": "Имя заголовка",
        "index_60_": "Брандмауэр попытается получить IP клиента из указанных выше заголовков.",
        "index_61_": "Пожалуйста, введите заголовок.",
        "index_62_": "Расширение файла, без точки (.), например, sql.",
        "index_63_": "Значения правил нечувствительны к регистру, кроме регулярных выражений; рекомендуется последовательно использовать нижний регистр.",
        "index_64_": "Напрямую заполните расширение, которое нужно запретить. Например, чтобы запретить доступ к файлам *.sql: sql.",
        "index_65_": "Пожалуйста, введите расширение.",
        "index_66_": "Правило",
        "index_67_": "URL-адрес, например, /admin/update",
        "index_68_": "Значения правил нечувствительны к регистру, кроме регулярных выражений; рекомендуется последовательно использовать нижний регистр.",
        "index_69_": "Не включайте сюда параметры URI; обычно нацелено на URL-адреса директорий. Пример: /admin.",
        "index_70_": "Пожалуйста, введите URL-адрес.",
        "index_71_": "Это наследует правила, которые были включены в глобальных настройках.",
        "index_72_": "Настройки здесь применяются только к текущему сайту.",
        "index_73_": "Будет фильтровать как ключ, так и значение; пожалуйста, устанавливайте с осторожностью.",
        "index_74_": "Пожалуйста, используйте регулярные выражения; сделайте резервную копию исходных выражений перед отправкой.",
        "index_75_": "По умолчанию разрешенные пауки для сканирования означают разрешение сканирования.",
        "index_76_": "Код состояния после запрета указывает код, возвращаемый после запрета этого паука.",
        "index_77_": "Код состояния после запрета",
        "index_78_": "Разрешить сканирование",
        "index_79_": "Значение фильтра, например, date.",
        "index_80_": "Может использоваться для усиления защиты интерфейсов входа, секций комментариев и т.д., быстро исправляя уязвимости безопасности в сторонних программах.",
        "index_81_": "Имена и значения параметров чувствительны к регистру.",
        "index_82_": "Этот фильтр применяется как к параметрам GET, так и POST.",
        "index_83_": "Пример: /admin/update.php?update=_date&date=666. Параметр update содержит _date, что имеет риск уязвимости. Можно установить:",
        "index_84_": "URL-адрес /admin/update.php, правило фильтрации _date, фильтрация содержимого параметра.",
        "index_85_": "Пожалуйста, введите адрес или правило фильтрации.",
        "index_86_": "URL-адрес",
        "index_87_": "Правило фильтрации",
        "index_88_": "URI-адрес, например, /admin/update.",
        "index_89_": "Имя параметра",
        "index_90_": "Значение параметра",
        "index_91_": "Может использоваться для защиты адресов бэкенда, API-интерфейсов и других непубличных URI-адресов от проникновения.",
        "index_92_": "Установите защищаемый URL. Доступ к этому URL требует указанного имени и значения параметра; в противном случае он будет перехвачен брандмауэром.",
        "index_93_": "Предположим, URI-адрес: /admin/admin.php, имя параметра: test, значение параметра: bt.cn.",
        "index_94_": "Правильный метод доступа: /admin/admin.php?test=bt.cn.",
        "index_95_": "Пожалуйста, введите адрес или параметр.",
        "index_96_": "URI-адрес",
        "index_97_": "Этот IP запросил один и тот же URL более {index_1} раз в течение {index_2} секунд, что вызвало защиту CC и блокировку этого IP на {index_3} секунд",
        "index_98_": "Региональная проверка: Выбранный регион автоматически включает режим проверки: {index_1}, время доступа: {index_2} секунд, Если проверка не удалась: {index_3} раз, блокировка: {index_4} секунд",
        "index_99_": "Глобальный",
        "index_100_": "Сайт",
        "index_101_": "Накопленные вредоносные запросы превысили {index_1} раз в течение {index_2} секунд, заблокировано на {index_3} секунд",
        "btn_1_": "Глобальное применение",
        "title_1_": "Конфигурация веб-сайта [{0}]",
        "title_5_": "Редактировать правила сайта [{0}] - [{1}]",
        "title_6_": "Общие правила фильтрации сканеров",
        "title_7_": "Управление CDN-заголовками веб-сайта [{0}]",
        "title_8_": "Запрещенные URL для выполнения PHP [{0}]",
        "title_9_": "Запрещенные URL [{0}]",
        "title_10_": "Запрещенные расширения файлов [{0}]",
        "title_11_": "Запрещенные типы файлов для загрузки [{0}]",
        "title_12_": "Защищенные URI-адреса [{0}]",
        "title_13_": "Фильтрация по конкретным URL [{0}]",
        "title_14_": "Установить правила CC {0}",
        "title_15_": "Установить перехват количества атак {0}",
        "desc_1_": "Свободный",
        "desc_2_": "Слабый эффект, меньше перехватов",
        "desc_3_": "Стандарт (рекомендуется)",
        "desc_4_": "Рекомендуется, лучший эффект, меньше ложных срабатываний, использует URL без параметров как единственное значение",
        "desc_5_": "Строгий",
        "desc_6_": "Использовать с осторожностью: хороший эффект, больше ложных срабатываний, использует IP+UA как единственное значение",
        "desc_7_": "Супер строгий",
        "desc_8_": "Не рекомендуется: сильный эффект, большое количество ложных срабатываний, использует IP как единственное значение",
        "desc_9_": "Эффект: Значительно улучшает эффективность перехвата",
        "desc_10_": "Влияние: Пользовательский опыт может ухудшиться, и некоторые нормальные доступы могут быть ошибочно перехвачены",
        "desc_11_": "Предложение: Временно включить, когда невозможно защититься в нормальном режиме, и отключить после окончания атаки"
      }
    },
    "Block_": {
      "index_1_": "Запись перехвата",
      "index_2_": "Запись блокировки IP",
      "index_3_": "Запись попаданий правил",
      "index_4_": "Результат совпадения: {0}",
      "index_5_": "Время запроса: {0}",
      "index_6_": "*Примечание: Записываются только последние 2000 данных. Каждый IP вызывает одно и то же правило только один раз в 30 секунд, и запись обновляется каждые 60 секунд",
      "index_8_": "Доменное имя/IP/URL/User-Agent/Регион",
      "index_9_": "Очистить журнал",
      "index_10_": "Очистить журнал сайта",
      "index_12_": "Время начала",
      "index_13_": "IP пользователя",
      "index_14_": "Доменное имя",
      "index_15_": "Тип",
      "index_16_": "URL-адрес",
      "index_17_": "Статус",
      "index_18_": "Перехвачено",
      "index_19_": "Местоположение IP",
      "index_20_": "Внутренняя сеть",
      "index_21_": "Фильтр",
      "index_22_": "Блокировка IP",
      "index_23_": "Белый URL",
      "index_24_": "Подробности",
      "index_25_": "Сайт",
      "index_27_": "Пожалуйста, выберите сайт",
      "index_28_": "Очистить журнал",
      "index_29_": "Очистить записи журнала выбранного сайта, вы хотите продолжить?",
      "index_30_": "Разблокировать все",
      "index_31_": "Очистить журнал",
      "index_32_": "Очистить все заблокированные записи журнала, но заблокированные IP не будут разблокированы!",
      "index_33_": "Разблокировать IP-адрес",
      "index_34_": "Вы хотите разблокировать все IP из брандмауэра?",
      "index_35_": "Причина блокировки",
      "index_36_": "Вредоносный IP в облаке",
      "index_37_": "Вредоносный IP в облаке",
      "index_38_": "Поддельный паук",
      "index_39_": "Перехват IDC",
      "index_40_": "Атака ThinkPHP",
      "index_41_": "Вредоносная загрузка файла",
      "index_42_": "Перехват xss",
      "index_43_": "Перехват SQL-инъекции",
      "index_44_": "Перехват сканера",
      "index_45_": "Перехват вредоносного сканера",
      "index_46_": "Пользовательские правила перехвата",
      "index_47_": "Включить усиленную блокировку зарубежных стран",
      "index_48_": "Зарубежные страны",
      "index_49_": "Множественные вредоносные запросы",
      "index_50_": "Время",
      "index_51_": "{0}с",
      "index_52_": "Белый URL",
      "index_53_": "Разблокировать IP",
      "index_54_": "Вы хотите разблокировать IP [{0}] из брандмауэра",
      "index_55_": "IP был разблокирован",
      "index_56_": "Блокировка",
      "index_57_": "Настроить тип записи",
      "index_58_": "Перехват",
      "index_59_": "Освобождение",
      "index_60_": "Очистить записи попаданий правил",
      "index_61_": "Примечание: Записи попаданий правил не могут быть восстановлены после очистки! ",
      "index_62_": "Правило попадания",
      "index_63_": "IP доступа",
      "index_64_": "Регион",
      "index_66_": "Время",
      "index_67_": "IP атаки",
      "index_68_": "URI-адрес",
      "index_69_": "Правило фильтрации",
      "index_70_": "Входящее значение",
      "index_71_": "Значение риска",
      "index_72_": "Пусто",
      "index_73_": "*Примечание: Отметьте журналы, которые нужно записать",
      "index_74_": "Добавить в черный список IP",
      "index_75_": "Операция успешна",
      "index_76_": "URI текущего IP является корневым каталогом, операции с ложными срабатываниями не могут быть выполнены!",
      "index_77_": "Добавить в белый список URL",
      "index_78_": "Подробности [{0}]",
      "index_79_": "Вы хотите получить весь сегмент IP?",
      "index_80_": "После добавления в белый список URL, этот URL больше не будет защищен. Вы хотите продолжить операцию? ",
      "index_81_": "Вы хотите добавить белый список параметров URI?",
      "index_82_": "Вы хотите добавить {ip} в черный список IP?"
    },
    "Rules_": {
      "index_1_": "Белый список IP",
      "index_2_": "Черный список IP",
      "index_3_": "Белый список UA",
      "index_4_": "Черный список UA",
      "index_5_": "Белый список URL",
      "index_6_": "Черный список URL",
      "index_7_": "Пожалуйста, введите IP/примечания",
      "index_8_": "Сегменты IP в черном списке будут запрещены для доступа, за исключением тех, которые уже находятся в белом списке IP",
      "index_9_": "Добавить IP: 192.168.10.6 Начальный IP - 192.168.10.6 и конечный IP - 192.168.10.6",
      "index_10_": "Добавить несколько IP: 192.168.100.6-100 Начальный IP - 192.168.100.6 и конечный IP - 192.168.100.100",
      "index_11_": "Добавить сегмент IP: 192.168.1.0/24, начальный IP - 192.168.1.1, конечный IP - 192.168.1.254",
      "index_12_": "Добавить сегмент IP: 172.16.10.1/16, начальный IP - 172.16.1.1, конечный IP - 172.16.255.255",
      "index_13_": "Для других расчетов сегментов адресов, пожалуйста, обратитесь к",
      "index_14_": "Онлайн-калькулятор IP-адресов",
      "index_15_": "Импорт черного списка IP",
      "index_16_": "Очистить черный список IP",
      "index_17_": "Вы уверены, что хотите очистить данные черного списка IP?",
      "index_18_": "Начальный IP - Конечный IP / IPv6 адрес",
      "index_19_": "Тип",
      "index_20_": "Примечания",
      "index_21_": "Добавить следующие IP-адреса в черный список",
      "index_22_": "Начальный IP",
      "index_23_": "Пожалуйста, введите начальный IP-адрес, например: 192.168.1.1",
      "index_24_": "Конечный IP",
      "index_25_": "Пожалуйста, введите конечный IP-адрес, например: 192.168.1.24",
      "index_26_": "IPv6 адрес",
      "index_27_": "Введите IP, например: 2606:54c0:19c0:dc02::/63",
      "index_28_": "Пожалуйста, введите примечания",
      "index_29_": "Добавить",
      "index_30_": "Начальный IP не может быть пустым",
      "index_31_": "Конечный IP не может быть пустым",
      "index_32_": "IPv6 адрес не может быть пустым",
      "index_33_": "Формат импорта следующий: одна строка на файл (поддерживаются три формата): \n192.168.1.1\n192.168.1.0/24\n192.168.10.1-192.168.10.255",
      "index_34_": "Импортируемые данные не могут быть пустыми",
      "index_35_": "Все правила недействительны для сегментов IP в белом списке, включая черный список IP и черный список URL. Белый список IP имеет наивысший приоритет",
      "index_36_": "Импорт белого списка IP",
      "index_37_": "Очистить белый список IP",
      "index_38_": "Вы уверены, что хотите очистить данные белого списка IP?",
      "index_39_": "Добавить следующие IP-адреса в белый список",
      "index_40_": "Пожалуйста, введите UA",
      "index_41_": "Поиск ключевых слов в клиентском UA на этапе инициализации. Использовать с осторожностью. ",
      "index_42_": "Может использоваться как секретный ключ в API-интерфейсе",
      "index_43_": "Пропустить любой перехват напрямую после запроса ключевого слова",
      "index_45_": "Импорт черного списка UA",
      "index_46_": "Очистить черный список UA",
      "index_47_": "Вы уверены, что хотите очистить данные черного списка UA? ",
      "index_48_": "По одной строке, например: \nuser_agent1\nuser_agent2",
      "index_49_": "Импорт белого списка UA",
      "index_50_": "Очистить белый список UA",
      "index_51_": "Вы уверены, что хотите очистить данные белого списка UA? ",
      "index_52_": "Например: ^/api/admin/update",
      "index_53_": "Пожалуйста, введите URL",
      "index_54_": "Список URL, доступ к которым запрещен, за исключением случаев, когда они существуют в белом списке URL и белом списке IP. ",
      "index_55_": "Пример 1: /admin/admin.php?system=abc Добавить адрес: /admin/admin.php",
      "index_56_": "Пример 2: /admin/1 1 является переменной 1-99 Добавить адрес: /admin/[1-99]",
      "index_57_": "URL не может быть пустым",
      "index_58_": "Импорт черного списка URL",
      "index_59_": "Очистить черный список URL",
      "index_60_": "Вы уверены, что хотите очистить данные черного списка URL? ",
      "index_61_": "По одному на строку, например: \n/admin.php\n/user.php",
      "index_62_": "Все правила недействительны для URL в белом списке, исключая черный список IP. ",
      "index_63_": "Текущий белый список URL не поддерживает параметры. ",
      "index_64_": "Импорт белого списка URL",
      "index_65_": "Очистить белый список URL",
      "index_66_": "Вы уверены, что хотите очистить данные белого списка URL? "
    },
    "Area_": {
      "index_1_": "Добавить ограничение по региону",
      "index_2_": "Область",
      "index_3_": "Статус",
      "index_4_": "Код состояния",
      "index_5_": "200 Нормальный доступ",
      "index_6_": "404 Файл не существует",
      "index_7_": "403 Доступ запрещен",
      "index_8_": "444 Закрыть соединение (Нет содержимого)",
      "index_9_": "502 Тайм-аут соединения",
      "index_10_": "503 Сервер недоступен",
      "index_11_": "Веб-сайт",
      "index_12_": "Все веб-сайты",
      "index_13_": "Тип",
      "index_14_": "Пропустить",
      "index_15_": "Перехватить",
      "index_16_": "Ответ",
      "index_17_": "Пожалуйста, выберите веб-сайт...",
      "index_18_": "Регион (выберите несколько):",
      "index_19_": "Пожалуйста, выполните поиск...",
      "index_21_": "Горячий регион",
      "index_22_": "Другие регионы"
    },
    "Custom_": {
      "index_1_": "Добавить пользовательский перехват",
      "index_2_": "Приоритет настройки: Белый список IP > Черный список IP > Белый список UA > Белый список URL > Черный список UA > Белый список URL > Черный список URL > Запрет зарубежных стран > Запрет внутренних стран > Блокировка по региону > Пользовательская блокировка > Блокировка IDC > Блокировка User-Agent > Блокировка CC",
      "index_3_": "Если пользовательский перехват имеет приоритет впереди, он выполнит предшествующее",
      "index_4_": "Добавить пользовательское правило перехвата",
      "index_5_": "Редактировать пользовательское правило перехвата [{0}]",
      "index_6_": "Имя правила",
      "index_7_": "Имя веб-сайта",
      "index_8_": "Попадания",
      "index_9_": "Правило",
      "index_10_": "Действие",
      "index_11_": "Копировать правило [{0}]",
      "index_12_": "Скопировать правило и создать как новое правило?",
      "index_13_": "Удалить правило [{0}]",
      "index_14_": "Вы уверены, что хотите удалить это правило?",
      "index_15_": "Когда веб-сайт",
      "index_16_": "Применить к веб-сайту",
      "index_17_": "Имя правила",
      "index_18_": "Пожалуйста, введите имя правила",
      "index_19_": "При совпадении правил",
      "index_20_": "Варианты операций",
      "index_21_": "Страница ответа",
      "index_22_": "Пожалуйста, улучшите правила соответствия",
      "index_23_": "Копировать домен",
      "index_24_": "Нет копируемых доменных имен",
      "index_25_": "Пожалуйста, выберите веб-сайт",
      "index_26_": "Тип",
      "index_27_": "Правило",
      "index_28_": "Содержимое соответствия",
      "index_29_": ", Пожалуйста, нажмите enter для создания опций",
      "index_30_": "И",
      "index_31_": "Или"
    },
    "Map_": {
      "index_1_": "Детали карты атак (карта только для справки)",
      "index_2_": "Долгота: {0}",
      "index_3_": "Широта: {0}",
      "index_5_": "Полный экран",
      "index_6_": "Установить местоположение",
      "index_7_": "Увеличить",
      "index_8_": "Уменьшить",
      "index_9_": "IP атаки",
      "index_10_": "Локальный IP",
      "index_11_": "Локальный IP: {0}",
      "index_14_": "IP атаки: {0}",
      "index_16_": "Долгота",
      "index_17_": "Пожалуйста, введите долготу",
      "index_18_": "Широта",
      "index_19_": "Пожалуйста, введите широту",
      "index_20_": "Долгота/Широта",
      "index_21_": "Местоположение только для справки!"
    },
    "Report_": {
      "index_1_": "Общий тип защиты",
      "index_2_": "Топ атакующих IP",
      "index_3_": "Отчет",
      "index_4_": "Отчет по IP",
      "index_5_": "Отчет по URI",
      "index_6_": "Поиск",
      "index_7_": "IP атаки",
      "index_8_": "Местоположение IP",
      "index_9_": "Количество атак",
      "index_10_": "Соотношение атак",
      "index_11_": "Черный список",
      "index_12_": "Детали атаки вредоносного IP [{0}]",
      "index_13_": "Время атаки",
      "index_14_": "Защищенный веб-сайт",
      "index_15_": "URI сегодня (TOP 5)",
      "index_16_": "Общее количество атак для текущего URI: {0}",
      "index_17_": "Всего атак",
      "index_18_": "Тип защиты",
      "index_19_": "Добавить в черный список URL",
      "index_20_": "Записи защиты для атакованного URI [{0}]",
      "index_21_": "Атакованный сайт",
      "index_22_": "Тип поиска",
      "index_23_": "Примечание: Если текущая информация о перехвате - /111.php?uid=1, то URI - /111.php, а URL - /111.php?uid=1.",
      "index_24_": "Просмотреть учебник",
      "index_25_": "Содержимое поиска",
      "index_26_": "Пользовательское время",
      "index_27_": "Искать сейчас",
      "index_28_": "Пожалуйста, введите содержимое поиска",
      "index_29_": "Пожалуйста, выберите пользовательское время",
      "index_30_": "Все сайты",
      "index_31_": "Время",
      "index_32_": "Детали HTTP [{0}]",
      "index_33_": "Вы хотите добавить {index_1} в черный список URL?",
      "index_34_": "Защищенный тип"
    },
    "Setting_": {
      "index_1_": "Защита CC",
      "index_2_": "Фильтр доступа",
      "index_3_": "Защита от уязвимостей веб-сайта",
      "index_4_": "Чувствительные слова",
      "index_5_": "Настройка поиска",
      "index_6_": "Наследование: Глобальная настройка автоматически унаследует значение по умолчанию в конфигурации сайта",
      "index_7_": "Приоритет: Белый список IP > Черный список IP > Белый список UA > Черный список UA > Перехват ключевых слов URL > Защита CC URL > Белый список URL > Черный список URL > Не браузер > User-Agent > Защита CC > Cookie > Фильтр URI > Параметр URL > Защита ThinkPHP > POST > Пользовательская защита веб-сайта",
      "index_8_": "Глобальный",
      "index_9_": "Переключатель",
      "index_10_": "Вся защита будет неэффективна, когда этот переключатель выключен",
      "index_11_": "Симулированная атака",
      "index_12_": "Экспорт",
      "index_13_": "Импорт",
      "index_14_": "Восстановить конфигурацию по умолчанию",
      "index_15_": "Экспорт глобальной конфигурации брандмауэра",
      "index_16_": "Импорт глобальной конфигурации брандмауэра",
      "index_17_": "Восстановление конфигурации сайта по умолчанию",
      "index_18_": "Все конфигурации будут очищены и восстановлены до конфигурации по умолчанию, включая черный и белый списки URL, черный и белый списки IP...",
      "index_19_": "Экспортировать только глобальную конфигурацию (конфигурация CC, конфигурация допуска вредоносных запросов, черный и белый списки IP, черный и белый списки UA, черный и белый списки URL, замена чувствительного текста, блокировка ключевых слов URL), исключая конфигурацию веб-сайта брандмауэра",
      "index_20_": "GET, POST, URL, UA, Cookie экспортируют только код ответа и статус переключателя, не включая внутренние правила",
      "index_21_": "Рекомендуется использовать кнопку копирования или скачивания, ключ может быть пропущен при выборе копирования",
      "index_22_": "Эта симулированная атака: хакеры выполняют SQL-инъекцию для получения разрешений базы данных. Это не повлияет на нормальную работу бизнеса",
      "index_23_": "Если ваш IP находится в белом списке IP, тест не будет иметь эффекта",
      "index_24_": "Если вам нужно протестировать другие веб-сайты, вы можете использовать [http://your_domain_name?id=etc/passwd] для проверки",
      "index_25_": "Если возвращается информация о перехвате, перехват успешен. Если обнаружено, что перехват не выполнен, рекомендуется обновить до последней версии",
      "index_26_": "Если у вас есть какие-либо вопросы, пожалуйста, обратитесь на форум для обратной связи!",
      "index_27_": "Список симулированных атак на веб-сайт",
      "index_28_": "Результат защиты",
      "index_29_": "Атака",
      "index_30_": "Защита",
      "index_31_": "Пожалуйста, вставьте зашифрованный текст конфигурации здесь",
      "config_1_": "Защита CC",
      "config_2_": "Защита от атак CC, пожалуйста, настройте конкретные параметры защиты в конфигурации сайта",
      "config_3_": "Защита запросов",
      "config_4_": "Порог блокировки вредоносных запросов.",
      "config_5_": "Защита от SQL-инъекций",
      "config_6_": "Обнаружение вредоносных SQL-выражений и предотвращение злонамеренного изменения базы данных из-за SQL-инъекций",
      "config_7_": "Защита от XSS",
      "config_8_": "Обнаружение XSS-синтаксиса для предотвращения злонамеренного изменения веб-страниц, утечки пользовательской информации и кражи разрешений",
      "config_9_": "Перехват выполнения команд",
      "config_10_": "Определение и блокировка выполнения потенциально опасных команд через синтаксическую модель, эффективно предотвращающая вторжение хакеров на сервер через веб-сайт",
      "config_11_": "Защита от вредоносной загрузки файлов",
      "config_12_": "Обнаружение вредоносных загрузок файлов, предотвращение загрузки троянов и потери разрешений сервера",
      "config_13_": "Защита от вредоносных загрузок",
      "config_14_": "Обнаружение вредоносных загрузок и предотвращение загрузки резервных файлов, исходного кода и других критических данных",
      "config_15_": "Защита от вредоносных сканеров",
      "config_16_": "Обнаружение вредоносных сканеров и предотвращение доступа вредоносных сканеров к веб-сайту",
      "config_17_": "Фильтр Cookie",
      "config_18_": "Сканер",
      "config_19_": "Пул пауков",
      "config_20_": "По умолчанию разрешенные пауки для сканирования",
      "config_21_": "CDN",
      "config_22_": "Если сайт использует CDN, IP клиента может быть получен правильно после включения, по умолчанию получает последний IP-адрес заголовка запроса как IP клиента",
      "config_23_": "Получить первый IP",
      "config_24_": "Когда CDN включен, начинать с первого заголовка запроса или реального IP",
      "config_25_": "Блокировать выполнение php",
      "config_26_": "Запретить выполнение PHP-скриптов по указанному URL",
      "config_27_": "Запрещенный URL",
      "config_28_": "Запретить доступ к указанному URL",
      "config_29_": "Запрещенное расширение",
      "config_30_": "Запретить доступ к указанному расширению",
      "config_31_": "Блокировка типов файлов",
      "config_32_": "Типы файлов, запрещенные для загрузки",
      "config_33_": "Защищенный URL",
      "config_34_": "Зашифровать URL-адрес с пользовательскими параметрами, ошибки параметров будут перехвачены",
      "config_35_": "Фильтр URL",
      "config_36_": "Установить правила фильтрации для конкретных URL-адресов",
      "config_37_": "Установить правило",
      "config_38_": "Защита статических файлов",
      "config_39_": "По умолчанию CC защита не будет защищать: JS, CSS, GiF, JPG, JPEG, PNG, эти статические файлы, если это не очищенный трафик изображений, не рекомендуется всегда открывать.",
      "config_40_": "Программа обмена вредоносными IP",
      "config_41_": "Присоединиться к программе обмена вредоносными IP, чтобы получить доступ к \"Библиотеке вредоносных IP Fortress\"",
      "config_42_": "Синхронизировать",
      "config_43_": "Защита CC для URL",
      "config_44_": "Правило защиты CC для URL, приоритет выше, чем у белого списка URL",
      "config_45_": "Белый список машинной проверки",
      "config_46_": "Добавить защиту CC для URL",
      "config_47_": "Изменить защиту CC для URL",
      "config_48_": "Частота",
      "config_49_": "Цикл",
      "config_50_": "{0} сек",
      "config_51_": "* URL без параметров",
      "config_52_": "Время(с)",
      "config_53_": "Сек",
      "config_54_": "Установить защиту CC для одного URL, рекомендуемый минимальный диапазон - 60 секунд и 30 раз",
      "config_55_": "Содержимое URL не может быть пустым!",
      "config_56_": "Время доступа не может быть пустым!",
      "config_57_": "Диапазон времени не может быть пустым!",
      "config_58_": "Режим усиления URL",
      "config_59_": "Настройка правила проверки URL независимо",
      "config_60_": "Приоритет: Усиленный режим > Усиленный режим URL > Стандартный режим",
      "config_61_": "Текущий режим включает проверку человека для одного URL, мера для защиты определенного URL",
      "config_62_": "Например: URL является страницей регистрации www.bt.cn/register.html, тогда добавьте URL как: /register.html Режим аутентификации произвольный",
      "config_63_": "Примечание: Если сайт существует CDN, рекомендуется настроить для перехода на проверку, другие проверки могут иметь проблемы с кэшем CDN",
      "config_64_": "Добавить правило URL",
      "config_65_": "Значение параметра",
      "config_66_": "Метод сопоставления",
      "config_67_": "Метод проверки",
      "config_68_": "Проверка перенаправлением",
      "config_69_": "Проверка кодом",
      "config_70_": "Машинная проверка",
      "config_71_": "Проверка слайдом",
      "config_72_": "Регулярное выражение",
      "config_73_": "Тип",
      "config_74_": "По умолчанию пустой параметр. Если нужно заполнить несколько параметров, заполните по одному на строку",
      "config_75_": "Сопоставление URL",
      "config_76_": "Регулярное сопоставление",
      "config_77_": "Используйте, когда нужно не проверять определенные страницы при включении аутентификации человека",
      "config_78_": "URL-адрес, например: /admin/update",
      "config_79_": "Например: /admin/admin.php?system=abc --> Добавить в: /admin/admin.php",
      "config_80_": "Например: /admin/1 --> Добавить в: /admin/[1-99]",
      "config_81_": "Пожалуйста, введите URL-адрес",
      "config_82_": "Правило",
      "config_83_": "Фильтрация доступа",
      "config_84_": "Перехват не-браузера",
      "config_85_": "Может защитить от атак сканеров и доступа не-браузеров. В настоящее время будет применяться ко всем веб-сайтам. Если на веб-сайте включен CDN, рекомендуется не включать это (есть ложное срабатывание кэша)",
      "config_86_": "Фильтрация HTTP-запросов",
      "config_87_": "Фильтрация типов HTTP-запросов/фильтрация заголовков запросов/переключатель семантического анализа",
      "config_88_": "Фильтрация типов запросов",
      "config_89_": "Фильтрация заголовков запросов",
      "config_90_": "Фильтрация количества запросов",
      "config_91_": "По умолчанию разрешены все типы запросов. Если вам нужно закрыть тип запроса, закройте кнопку для этого типа",
      "config_92_": "Например: разрешены только GET и POST, тогда все типы, кроме GET и POST, закрыты",
      "config_93_": "Тип запроса",
      "config_94_": "Пожалуйста, введите имя заголовка",
      "config_95_": "Длина",
      "config_96_": "Текущий фильтр запросов - ограничение фильтра длины",
      "config_97_": "Например: если значение host меньше 500, оно пройдет. Если оно больше 500, оно будет перехвачено",
      "config_98_": "Тип запроса не может быть пустым",
      "config_99_": "Длина не может быть пустой",
      "config_100_": "Разбор зашифрованной строки base64",
      "config_101_": "Максимальная длина содержимого",
      "config_102_": "Максимальный параметр Post",
      "config_103_": "Штук",
      "config_104_": "Максимальный параметр Get",
      "config_105_": "Сохранить настройки",
      "config_106_": "Перехват типов запросов URL",
      "config_107_": "Отдельно установить тип перехвата запросов URL",
      "config_108_": "Перехват: Указать, что текущий URL не разрешает определенные типы запросов",
      "config_109_": "Только выпуск: Указать, что текущий URL разрешает только определенные типы запросов",
      "config_110_": "Только выпуск",
      "config_111_": "Перехват",
      "config_112_": "Выберите хотя бы один тип запроса!",
      "config_113_": "По умолчанию разрешено сканирование всеми основными поисковыми роботами",
      "config_114_": "Защита API-интерфейса",
      "config_115_": "Когда некоторые интерфейсы находятся в белом списке, одну из них нужно использовать под защитой CC",
      "config_116_": "Например: ^/api/getInfo$",
      "config_117_": "Защита API означает, что некоторые API должны быть защищены CC, когда они находятся в белом списке",
      "config_118_": "Примеры API следующие: ^/api/getUserInfo$",
      "config_119_": "Должно начинаться с ^ и заканчиваться $",
      "config_120_": "Защита от уязвимостей веб-сайта",
      "config_121_": "Примечание: Если контент, опубликованный на вашем веб-сайте, содержит SQL-выражения (например, учебные статьи, связанные с базами данных), включение этой защиты может привести к блокировке публикации соответствующего контента",
      "config_122_": "Содержимое ответа",
      "config_123_": "Примечание: Если контент, опубликованный на вашем веб-сайте, содержит учебные материалы по вредоносному использованию javascript, включение этой защиты может привести к блокировке публикации соответствующего контента",
      "config_124_": "Защита от слабых паролей",
      "config_125_": "Обнаружение входа со слабым паролем в реальном времени и перехват",
      "config_126_": "Обнаружение чувствительной информации",
      "config_127_": "Перехват чувствительной информации в сообщениях об ошибках, включая ошибки SQL, ошибки PHP и т.д.",
      "config_128_": "Примечание: Если вы загружаете файл с ключевым словом php в имени файла, включение этой защиты может привести к блокировке IP",
      "config_129_": "Имя",
      "config_130_": "Описание",
      "config_131_": "Настройки статуса",
      "config_132_": "Пожалуйста, подтвердите, хотите ли вы отключить переключатель протокола From-data?",
      "config_133_": "Протокол From-data",
      "config_134_": "From-data - это формат по умолчанию для загрузки файлов, и брандмауэр доверяет только формату по умолчанию. Если ваш веб-сайт изменяет формат загрузки, вам нужно отключить эту функцию. После отключения формат пакета загрузки не будет проверяться. ",
      "config_135_": "Примечание: Если вам нужно загрузить резервные файлы с веб-сайта, и если сжатый файл содержит имя веб-сайта, включение этой защиты может привести к перехвату файла загрузки. Вы можете загрузить его через панель",
      "config_136_": "Перехват пользовательских правил",
      "config_137_": "Обнаружение выполнения php-кода, обнаружение сканирования директорий, обнаружение SSRF и пользовательское обнаружение",
      "config_138_": "Примечание: Текущие правила можно редактировать, и по умолчанию оба метода запроса GET/POST будут действовать. ",
      "config_139_": "Примечание: Если ваш веб-сайт должен быть включен в поисковую систему, обязательно не добавляйте характеристики поисковой системы",
      "config_140_": "Защита от вредоносных Cookie",
      "config_141_": "Обнаружение, содержит ли cookie вредоносный код, SQL-инъекцию, XSS-атаку",
      "config_142_": "Защита от вредоносных сканеров",
      "config_143_": "Обнаружение вредоносных сканеров, предотвращение всех видов сканеров, инструментов подключения троянов и доступа к веб-сайту",
      "config_144_": "Примечание: Если на вашем веб-сайте проводится тестирование безопасности, это может быть заблокировано",
      "config_145_": "Защита от сканирования директорий",
      "config_146_": "Предотвращение сканирования директорий/файлов и выполнение статистического перехвата через код состояния 404 доступа. ",
      "config_147_": "Примечание: Если на вашей веб-странице много 404 изображений, это может привести к блокировке доступа",
      "config_148_": "Переключатель",
      "config_149_": "Время доступа",
      "config_150_": "Количество атак",
      "config_151_": "Текущий переключатель сканера действителен только для текущих настроек защиты сканирования директорий/файлов. ",
      "config_152_": "Этот перехват предназначен для защиты от 404 ссылок, созданных при доступе к url",
      "config_153_": "Минимум не может быть меньше 20 раз за 20 секунд. ",
      "config_154_": "Время доступа не может быть пустым",
      "config_155_": "Количество атак не может быть пустым",
      "config_156_": "Обнаружение троянов",
      "config_157_": "Проверка веб-оболочек выполняется через файлы доступа в реальном времени. Результаты находятся на странице изоляционного бокса. Рекомендуется не выключать эту функцию. ",
      "config_158_": "Примечание: Если ваши нормальные файлы попадают в изоляционный бокс, пожалуйста, добавьте белый список в изоляционном боксе. ",
      "config_159_": "Ведение журнала",
      "config_160_": "По умолчанию брандмауэр записывает только перехваченные пакеты данных HTTP в пределах 1M. Если вам нужно записывать более крупные пакеты данных, включите эту функцию. ",
      "config_161_": "Чувствительные слова",
      "config_162_": "Замена чувствительного текста",
      "config_163_": "Заменить установленный чувствительный текст. Если установлено ускорение веб-сайта Baota, эта функция будет недействительна. ",
      "config_164_": "Чувствительный текст",
      "config_165_": "Заменить текст",
      "config_166_": "Замена чувствительного текста, например: чувствительный текст Hello заменен на Hello",
      "config_167_": "Пожалуйста, не заполняйте случайно, это может привести к пустоте всего сайта",
      "config_168_": "После добавления здесь, это будет применено ко всем веб-сайтам",
      "config_169_": "Если настройка конфликтует с индивидуальными настройками веб-сайта, будут использоваться настройки веб-сайта",
      "config_170_": "Пожалуйста, введите чувствительный текст или текст для замены",
      "config_171_": "Перехват ключевых слов URL",
      "config_172_": "Перехватывать ключевые слова из URL",
      "config_173_": "Например: find.zip",
      "config_174_": "Перехват URL на этапе инициализации",
      "config_175_": "Добавление перехвата ключевых слов URL, например: /aa/bb/?a=hello нужно перехватить a=hello, вы можете добавить a=hello, =hello, hello",
      "config_176_": "Ключевые слова не могут быть пустыми",
      "config_177_": "Импорт перехвата ключевых слов URL",
      "config_178_": "По одному в строке, например \nhello\nworld По одному в строке, например \nhello\nworld",
      "config_179_": "Импортируемые данные не могут быть пустыми",
      "config_180_": "Очистить список",
      "config_181_": "Очистить данные списка?",
      "config_182_": "Запрещенные слова",
      "config_183_": "Запрещенные слова или фразы в тексте",
      "config_184_": "Незаконное слово",
      "config_185_": "Пожалуйста, не заполняйте случайно, все запрещенные слова рекомендуется делать полным словом",
      "config_186_": "Обнаружение, содержит ли отправка клиента запрещенные слова, и если да, то запретить",
      "config_187_": "Импорт незаконных слов",
      "config_188_": "Формат импорта: По одному на строку, если введено на той же строке, считается одним",
      "config_189_": "Содержимое правила, пожалуйста, используйте регулярное выражение",
      "config_190_": "Описание",
      "config_191_": "Примечание: Если вы не понимаете регулярные выражения, пожалуйста, не изменяйте содержимое правил произвольно",
      "config_192_": "Вы можете добавить или изменить содержимое правила, но, пожалуйста, используйте регулярные выражения",
      "config_193_": "Встроенные правила можно изменять, но нельзя удалять напрямую. Вы можете установить статус правила, чтобы определить, использует ли брандмауэр это правило",
      "config_194_": "Правила не могут быть пустыми",
      "config_195_": "Удалить правило [{0}]",
      "config_196_": "Вы действительно хотите удалить это правило фильтрации?",
      "config_197_": "Статус [{0}]",
      "config_198_": "200 Нормальный доступ",
      "config_199_": "404 Файл не существует",
      "config_200_": "403 Доступ запрещен",
      "config_201_": "444 Закрыть соединение",
      "config_202_": "500 Ошибка приложения",
      "config_203_": "502 Тайм-аут соединения",
      "config_204_": "503 Сервер недоступен",
      "config_205_": "Онлайн-редактирование [{0}]",
      "config_206_": "Редактировать правило [{0}]"
    },
    "Install_": {
      "index_1_": "Подсказка: Эту страницу можно отключить в настройках панели",
      "index_2_": "Введение в функцию Nginx WAF",
      "index_3_": "Поддерживает только Nginx",
      "index_4_": "Защита от атак CC",
      "index_5_": "Блокировка ключевых слов",
      "index_6_": "Блокировка вредоносных сканирований",
      "index_7_": "Остановка хакеров",
      "index_8_": "Установить сейчас",
      "index_9_": "Купить сейчас"
    },
    "Api_": {
      "overview_1_": "Активация в один клик в процессе, пожалуйста, подождите...",
      "site_2_": "Настройка переключателя глобальной конфигурации, пожалуйста, подождите...",
      "site_3_": "Настройка статуса сайта, пожалуйста, подождите...",
      "site_4_": "Обнаружение среды CAPTCHA, пожалуйста, подождите...",
      "site_5_": "Настройка перехвата количества атак, пожалуйста, подождите...",
      "site_6_": "Добавление правил веб-сайта, пожалуйста, подождите...",
      "site_7_": "Удаление правил веб-сайта, пожалуйста, подождите...",
      "site_8_": "Настройка статуса правила веб-сайта, пожалуйста, подождите...",
      "site_9_": "Сохранение правил сканера, пожалуйста, подождите...",
      "site_10_": "Настройка статуса пула пауков, пожалуйста, подождите...",
      "site_11_": "Добавление CDN-заголовка веб-сайта, пожалуйста, подождите...",
      "site_12_": "Удаление CDN-заголовка веб-сайта, пожалуйста, подождите...",
      "site_13_": "Получение списка журналов сайта, пожалуйста, подождите...",
      "block_14_": "Добавление IP в черный список, пожалуйста, подождите...",
      "block_15_": "Добавление URL в белый список, пожалуйста, подождите...",
      "block_16_": "Очистка журналов, пожалуйста, подождите...",
      "block_17_": "Разблокировка IP, пожалуйста, подождите...",
      "block_18_": "Разблокировка всех IP, пожалуйста, подождите...",
      "block_19_": "Очистка записей попаданий правил, пожалуйста, подождите...",
      "block_20_": "Настройка типов записей, пожалуйста, подождите...",
      "rules_21_": "Импорт, пожалуйста, подождите...",
      "rules_22_": "Экспорт данных, пожалуйста, подождите...",
      "rules_23_": "Очистка данных, пожалуйста, подождите...",
      "rules_24_": "Добавление IP в белый список, пожалуйста, подождите...",
      "rules_25_": "Добавление IP в черный список, пожалуйста, подождите...",
      "rules_26_": "Удаление IP {0}, пожалуйста, подождите...",
      "rules_27_": "Добавление UA в белый список, пожалуйста, подождите...",
      "rules_28_": "Добавление UA в черный список, пожалуйста, подождите...",
      "rules_29_": "Удаление UA {0}, пожалуйста, подождите...",
      "rules_30_": "Добавление URL в черный список, пожалуйста, подождите...",
      "rules_31_": "Удаление URL {0}, пожалуйста, подождите...",
      "rules_32_": "белый список",
      "rules_33_": "черный список",
      "area_32_": "Добавление ограничения по региону, пожалуйста, подождите...",
      "area_33_": "Удаление ограничения по региону, пожалуйста, подождите...",
      "area_34_": "Настройка статуса региона, пожалуйста, подождите...",
      "custom_35_": "Настройка статуса правила, пожалуйста, подождите...",
      "custom_36_": "Добавление пользовательского правила, пожалуйста, подождите...",
      "custom_37_": "Редактирование пользовательского правила, пожалуйста, подождите...",
      "custom_38_": "Удаление пользовательского правила, пожалуйста, подождите...",
      "map_39_": "Настройка широты и долготы, пожалуйста, подождите...",
      "report_1_": "Получение информации об атакующем IP, пожалуйста, подождите...",
      "setting_40_": "Настройка статуса брандмауэра, пожалуйста, подождите...",
      "setting_41_": "Восстановление конфигурации по умолчанию, пожалуйста, подождите...",
      "setting_42_": "Получение глобальной конфигурации, пожалуйста, подождите...",
      "setting_43_": "Импорт конфигурации брандмауэра, пожалуйста, подождите...",
      "setting_44_": "Настройка переключателя глобальной конфигурации, пожалуйста, подождите...",
      "setting_45_": "Настройка кода ответа, пожалуйста, подождите...",
      "setting_46_": "Синхронизация, пожалуйста, подождите...",
      "setting_47_": "Добавление защиты CC для одного URL, пожалуйста, подождите...",
      "setting_48_": "Редактирование защиты CC для одного URL, пожалуйста, подождите...",
      "setting_49_": "Удаление защиты CC для одного URL, пожалуйста, подождите...",
      "setting_50_": "Добавление режима усиления URL, пожалуйста, подождите...",
      "setting_51_": "Удаление режима усиления URL, пожалуйста, подождите...",
      "setting_52_": "Добавление перехвата типа запроса URL, пожалуйста, подождите...",
      "setting_53_": "Удаление перехвата типа запроса URL, пожалуйста, подождите...",
      "setting_54_": "Добавление типа запроса, пожалуйста, подождите...",
      "setting_55_": "Добавление фильтра заголовка, пожалуйста, подождите...",
      "setting_56_": "Изменение фильтра заголовка, пожалуйста, подождите...",
      "setting_57_": "Удаление фильтра заголовка, пожалуйста, подождите...",
      "setting_58_": "Настройка данных HTTP-запроса, пожалуйста, подождите...",
      "setting_59_": "Добавление защиты API, пожалуйста, подождите...",
      "setting_60_": "Удаление защиты API, пожалуйста, подождите...",
      "setting_61_": "Обновление пула пауков из облака, пожалуйста, подождите...",
      "setting_62_": "Добавление правила, пожалуйста, подождите...",
      "setting_63_": "Сохранение правила, пожалуйста, подождите...",
      "setting_64_": "Настройка статуса правила, пожалуйста, подождите...",
      "setting_65_": "Удаление правила, пожалуйста, подождите...",
      "setting_66_": "Настройка защиты от сканирования директорий, пожалуйста, подождите...",
      "setting_67_": "Добавление URL в белый список, пожалуйста, подождите...",
      "setting_68_": "Удаление URL из белого списка, пожалуйста, подождите...",
      "setting_69_": "Добавление замены чувствительного текста, пожалуйста, подождите...",
      "setting_70_": "Удаление списка чувствительного текста, пожалуйста, подождите...",
      "setting_71_": "Добавление ключевых слов URL, пожалуйста, подождите...",
      "setting_72_": "Импорт ключевых слов URL, пожалуйста, подождите...",
      "setting_73_": "Удаление ключевых слов URL, пожалуйста, подождите...",
      "setting_74_": "Очистка списка, пожалуйста, подождите...",
      "setting_75_": "Добавление запрещенных слов, пожалуйста, подождите...",
      "setting_76_": "Импорт запрещенных слов, пожалуйста, подождите...",
      "setting_77_": "Удаление запрещенных слов, пожалуйста, подождите...",
      "setting_78_": "Очистка запрещенных слов, пожалуйста, подождите..."
    }
  }
}
