{
  "WP_": {
    "index_1_": "Клонировать",
    "index_2_": "Клонировать сайт",
    "index_3_": "Управлять в WP",
    "index_4_": "Пожалуйста, введите домен",
    "index_5_": "Добавить Wordpress",
    "index_6_": "Сервер не установлен, ",
    "index_7_": "Установить PHP",
    "index_8_": "Установить Mysql",
    "index_9_": "Будет обновлено с текущей версии {0} до последней версии {1}, продолжить?",
    "index_10_": "Вы уверены, что хотите удалить этот плагин?",
    "index_11_": "Вы уверены, что хотите удалить эту тему?",
    "index_12_": "Как минимум 1 тема должна быть активна, активируйте другую тему перед отключением этой",
    "index_13_": "Не установлено",
    "index_14_": "Пожалуйста, введите имя плагина",
    "index_15_": "Установить плагины",
    "index_16_": "Установить темы",
    "index_17_": "Автор",
    "index_18_": "WP",
    "index_19_": "Рейтинг",
    "index_20_": "Установка успешна",
    "index_21_": "Вход в WP",
    "index_22_": "Вход без пароля",
    "index_23_": "Вы можете безопасно получить доступ к wp-admin через эту страницу",
    "Add_": {
      "Title_": "Добавить сайт - Поддержка пакетного создания сайтов",
      "Tips_": "Версии 5.6.0+ автоматически включают автоматические обновления версий",
      "Awp_": "Разрешить слабые пароли",
      "CacheNginx_": "Включить кэширование, в настоящее время поддерживается только nginx",
      "EnableWPS_": "Включить WPS-Hide-Login",
      "WPSHL_": "WPS-Hide-Login",
      "Login_": "Изменить URL входа администратора",
      "Redirection_": "URL перенаправления",
      "index_1_": "Создать сайт",
      "index_2_": "Создать из резервной копии",
      "import_1_": "Тип резервной копии",
      "import_2_": "Локальный",
      "import_3_": "Plesk или CPanel",
      "import_4_": "Путь к файлу резервной копии",
      "import_5_": "Поддиректория, пусто в корневой директории",
      "import_6_": "Пожалуйста, введите путь к файлу резервной копии"
    },
    "Back_": {
      "File_": "Только файлы",
      "DB_": "Только БД",
      "Full_": "Полная резервная копия"
    },
    "Migrate_": {
      "Title_": "Миграция сайта",
      "content_": "Собираетесь мигрировать сайты, вы уверены, что хотите продолжить",
      "Tips_": {
        "1_": "После миграции вы сможете управлять своими сайтами wordpress в WP Toolkit, но вы не сможете продолжать управлять своими сайтами wordpress в [Веб-сайт]!",
        "2_": "Нет wordpress, которые можно мигрировать из Веб-сайта",
        "3_": "Вы уверены в этом?",
        "4_": "* Невозможно восстановить веб-сайт wordpress в [Веб-сайт] после миграции"
      }
    },
    "Integrity_": {
      "Title_": "Проверка целостности WordPress",
      "index_1_": "Если вы подозреваете, что этот сайт заражен вредоносным ПО, проверьте целостность основных файлов WordPress, сверив их с эталонными контрольными суммами с wordpress.org.",
      "index_2_": "Проверить контрольные суммы",
      "index_3_": "Переустановить WP",
      "index_4_": "Это переустановит основные файлы WordPress без потери содержимого сайта. Рекомендуется сделать резервную копию вашего веб-сайта перед переустановкой.",
      "index_5_": "Если контрольные суммы не совпадают, вы можете быстро переустановить основные файлы WordPress без влияния на содержимое вашего сайта."
    },
    "TableRow_": {
      "Caching_": "Кэширование(nginx)",
      "WP_": "WordPress",
      "Setting_": "Настройки WP",
      "Protection_": "Защита",
      "Integrity_": "Проверка целостности",
      "Plugin_": "Плагин",
      "Theme_": "Тема",
      "URL_": "URL",
      "Active_": "Активно",
      "State_": "Состояние",
      "Autoupdate_": "Автообновление",
      "Update_": "Обновить",
      "Uninstall_": "Удалить",
      "Install_": "Установить",
      "Installed_": "Установлено"
    },
    "Config_": {
      "LoginUrl_": "URL входа",
      "Upgrade_": "Обновить",
      "Clear_": "Очистить",
      "Generate_": "Сгенерировать",
      "EnableWPS_": "Включить WPS-Hide-Login",
      "Save_": "Сохранить",
      "Protection_": {
        "Title_": "Инструменты безопасности",
        "Setup_": "Настройка",
        "Blocked_": "модификаций заблокировано сегодня",
        "Requests_": "вредоносных запросов заблокировано сегодня"
      },
      "RedirectionTips_": {
        "0_": "Защитите свой веб-сайт, изменив URL входа и предотвратив доступ к странице wp-login.php и директории wp-admin для неподключенных людей.",
        "1_": "URL перенаправления, когда кто-то пытается получить доступ к странице wp-login.php и директории wp-admin, не будучи авторизованным."
      }
    },
    "Label_": {
      "RePassword_": "Сбросить пароль",
      "EmailAddress_": "Адрес электронной почты",
      "Language_": "Язык веб-сайта",
      "WPS_": "WPS-Hide-Login",
      "Setup_": "Настройка завершена",
      "FileProtection_": "Защита файлов",
      "Application_": "Nginx WAF",
      "Permission_": "Усиление разрешений файлов",
      "WPAdmin_": "Защита wp-admin",
      "Changed_": "Изменено на",
      "Hotlink_": "Защита от хотлинкинга"
    },
    "Placeholder_": {
      "Password_": "Пожалуйста, введите новый пароль"
    },
    "RulesError_": {
      "LastVersion_": "уже последняя версия",
      "NewVersion_": "Есть новая версия",
      "NewVersionLast_": "доступна для обновления"
    },
    "clone_": {
      "index_1_": "Исходный сайт",
      "index_2_": "Целевой сайт",
      "index_3_": "Создать поддомен",
      "index_4_": "Создать новый домен",
      "index_5_": "Новый домен",
      "index_6_": "Пожалуйста, введите поддомен",
      "index_7_": "Пожалуйста, введите новый домен",
      "index_8_": "Путь клонирования",
      "index_9_": "Пустой путь клонирования означает клонирование в корневую директорию",
      "index_10_": "Fastcgi кэш"
    },
    "api_": {
      "index_1_": "Сайт клонируется, пожалуйста, подождите...",
      "index_2_": "Добавление сайта, пожалуйста, подождите...",
      "tamper_1_": "Настройка статуса, пожалуйста, подождите...",
      "tamper_2_": "Добавление, пожалуйста, подождите...",
      "tamper_3_": "Удаление, пожалуйста, подождите...",
      "tamper_4_": "Добавление в белый список, пожалуйста, подождите...",
      "tamper_5_": "Редактирование примечания, пожалуйста, подождите...",
      "tamper_6_": "Удаление из белого списка, пожалуйста, подождите...",
      "tamper_7_": "Создание веб-сайта, пожалуйста, подождите...",
      "tamper_8_": "Обработка, пожалуйста, подождите...",
      "tamper_9_": "Резервное копирование, пожалуйста, подождите...",
      "tamper_10_": "Восстановление, пожалуйста, подождите...",
      "tamper_11_": "Миграция, пожалуйста, подождите...",
      "tamper_12_": "Проверка целостности, пожалуйста, подождите...",
      "tamper_13_": "Переустановка в процессе, пожалуйста, подождите...",
      "tamper_14_": "Удаление, пожалуйста, подождите...",
      "tamper_15_": "Обновление, пожалуйста, подождите...",
      "tamper_16_": "Установка, пожалуйста, подождите...",
      "tamper_17_": "Загрузка, пожалуйста, подождите..."
    },
    "Transition_": {
      "index_1_": "Введение в WordPress Toolkit",
      "index_2_": "Установка WordPress одним кликом",
      "index_3_": "Специальная защита безопасности",
      "index_4_": "Полное резервное копирование",
      "index_5_": "Fastcgi кэш",
      "index_6_": "Больше функций находится в разработке, ждем ваших отзывов",
      "index_7_": "Купить сейчас",
      "index_8_": "Войти в аккаунт aaPanel"
    },
    "Sets_": {
      "index_1_": "Создать набор",
      "index_2_": "Выбрать веб-сайты",
      "index_3_": "Плагины",
      "index_4_": "{0} всего(Добавить плагины)",
      "index_5_": "Добавить плагины",
      "index_6_": "Темы",
      "index_7_": "{0} всего(Добавить темы)",
      "index_8_": "Добавить темы",
      "index_9_": "Вы уверены, что хотите удалить этот набор?",
      "index_10_": "Создать новый набор",
      "index_11_": "Пожалуйста, введите имя набора",
      "index_12_": "Набор - это шаблон, содержащий несколько плагинов и тем. Вы можете установить набор на определенный сайт WordPress одним кликом. После создания и именования вашего набора добавьте в него плагины и темы",
      "index_13_": "Чтобы добавить плагин или тему в эту коллекцию, введите имя плагина или темы в поле поиска, нажмите Enter, выберите нужный плагин или тему и нажмите Добавить",
      "index_14_": "Пожалуйста, выберите тему или плагин для добавления",
      "index_15_": "Пожалуйста, введите ключевые слова",
      "index_16_": "Ничего не найдено",
      "index_17_": "Выберите сайты WordPress, где вы хотите установить набор",
      "index_18_": "Пожалуйста, выберите веб-сайт",
      "index_19_": "По умолчанию установка последних версий плагинов и тем интеграционного пакета"
    }
  }
}
